case_id,source_section,category,scenario,expected_result,classification,canonical_case_if_duplicate,executable_test_reference,observed_result,status,notes
CORE-001,"CALCULATION_SPEC.md §§1,6,7",Shared parsing and result state,GIVEN Required loadedHourlyRate=null on enabled surface WHEN Validate and calculate,state=incomplete; field path identifies missing rate; no final cost/margin or issueable output.,uniquely required,,tests/domain/coreRequirements.test.ts,GIVEN Required loadedHourlyRate=null on enabled surface WHEN Validate and calculate THEN state=incomplete; field path identifies missing rate; no final cost/margin or issueable output.,passed,
CORE-002,"CALCULATION_SPEC.md §§1,6,7",Shared parsing and result state,GIVEN Required cost field contains -1 WHEN Validate directly at engine boundary,state=invalid; retain raw field text in UI; do not replace with zero.,uniquely required,,tests/domain/coreRequirements.test.ts; tests/engine/parse.test.ts:60-62,GIVEN Required cost field contains -1 WHEN Validate directly at engine boundary THEN state=invalid; retain raw field text in UI; do not replace with zero.,passed,
CORE-003,"CALCULATION_SPEC.md §§1,6,7",Shared parsing and result state,"GIVEN Input values NaN, positive infinity, negative infinity (parameterized) WHEN Call validation directly, bypass UI",Reject each as invalid; persisted output contains no nonfinite number.,uniquely required,,tests/engine/parse.test.ts::CORE-parse: missing vs invalid vs valid-zero > BOUND-grammar-reject: NaN/Infinity text,"parseDecimalField(""NaN"") and parseDecimalField(""Infinity"") both assert kind===""invalid""; the same digit-only regex mismatch also rejects ""-Infinity"" (not separately asserted, identical code path).",passed,
CORE-004,"CALCULATION_SPEC.md §§1,6,7",Shared parsing and result state,"GIVEN Input text 12abc, $12, 12ft, 1/2 (parameterized) WHEN Parse user numeric input",Reject each as malformed plain decimal; never parse prefix or mixed units.,uniquely required,,"tests/engine/parse.test.ts::CORE-parse > BOUND-grammar-reject: mixed unit text (""12abc"") is invalid, not zero; BOUND-grammar-reject: currency/unit suffixes","""12abc"", ""$12"", ""12ft"" are each explicitly asserted invalid. ""1/2"" is not separately asserted but is rejected by the identical non-digit-character regex mismatch.",passed,
CORE-005,"CALCULATION_SPEC.md §§1,6,7",Shared parsing and result state,GIVEN Required input empty string or whitespace-only WHEN Parse then validate,Missing/incomplete rather than explicit numeric zero.,uniquely required,,"tests/engine/parse.test.ts::CORE-parse > CORE-parse-01: blank/undefined/null are missing, never invalid or zero","parseDecimalField("""") and parseDecimalField(""   "") both return {kind:""missing""}.",passed,
CORE-006,"CALCULATION_SPEC.md §§1,6,7",Shared parsing and result state,GIVEN Optional omitted direct expense in new estimate WHEN Initialize model,Explicit zero default; same omission in actual category remains null/unconfirmed.,uniquely required,,tests/ui/jobCostCalculatorLogic.test.ts; tests/engine/actuals.test.ts,GIVEN Optional omitted direct expense in new estimate WHEN Initialize model THEN Explicit zero default; same omission in actual category remains null/unconfirmed.,passed,
CORE-007,"CALCULATION_SPEC.md §§1,6,7",Shared parsing and result state,GIVEN User enters target 35 in percent UI WHEN Persist and calculate cost65,targetMarginRatio='0.35'; minimum price100.00; no double division by100.,uniquely required,,tests/domain/coreRequirements.test.ts,GIVEN User enters target 35 in percent UI WHEN Persist and calculate cost65 THEN targetMarginRatio='0.35'; minimum price100.00; no double division by100.,passed,
CORE-008,"CALCULATION_SPEC.md §§1,6,7",Shared parsing and result state,"GIVEN Valid cost65,target.35,price100 WHEN Calculate","profit35.00; margin35.0%; status at_target, not above_target.",uniquely required,,tests/engine/fixtures.test.ts::at-target (price); tests/engine/pricing.test.ts::CORE pricing: status boundaries > CORE-price-01,"evaluatePrice({cost:65, price:100, targetMarginRatio:.35}) returns profit 35.00, margin 35.0%, status exactly ""at_target"" (not above_target).",passed,
CORE-009,"CALCULATION_SPEC.md §§1,6,7",Shared parsing and result state,"GIVEN Valid cost100,price85,target.35 WHEN Calculate",profit-15.00; margin-17.6%; below_cost takes precedence over below_target.,uniquely required,,tests/engine/fixtures.test.ts::loss (price); tests/engine/pricing.test.ts::CORE pricing: status boundaries > CORE-price-07,"cost=100, price=85, target=.35 -> profit -15.00, margin -17.6%, status ""below_cost"" (takes precedence over below_target).",passed,
CORE-010,"CALCULATION_SPEC.md §§1,6,7",Shared parsing and result state,"GIVEN Valid cost100,price=null WHEN Calculate",profit=null;margin=null;unpriced; no invented zero-percent warning.,uniquely required,,tests/engine/fixtures.test.ts::unpriced (price); tests/engine/pricing.test.ts::CORE pricing: status boundaries > CORE-price-02,"price=null, cost=100, target=.35 -> profit null, marginRatio null, status ""unpriced""; approxPrice/minimumTargetPrice still computed (153.85) with no invented zero-percent warning.",passed,
CORE-011,"CALCULATION_SPEC.md §§1,6,7",Shared parsing and result state,"GIVEN Valid cost100,price0 WHEN Calculate",profit-100.00;margin=null;zero_price; priced issue needs no-charge confirmation.,uniquely required,,tests/engine/fixtures.test.ts::no-charge (price); tests/engine/pricing.test.ts::CORE pricing: status boundaries > CORE-price-02,"price=0 (explicit), cost=100, target=.35 -> profit -100.00 (NOT null), marginRatio null, status ""zero_price"".",passed,
CORE-012,"CALCULATION_SPEC.md §§1,6,7",Shared parsing and result state,"GIVEN Valid cost0,price100 WHEN Calculate",profit100.00;margin100.0%; no division by cost in margin formula.,uniquely required,,tests/domain/coreRequirements.test.ts; tests/engine/pricing.test.ts,"GIVEN Valid cost0,price100 WHEN Calculate THEN profit100.00;margin100.0%; no division by cost in margin formula.",passed,
CORE-013,"CALCULATION_SPEC.md §§1,6,7",Shared parsing and result state,"GIVEN Valid cost0,price0 WHEN Calculate","profit0.00;margin=null; zero_price, not a NaN percentage.",uniquely required,,tests/domain/coreRequirements.test.ts; tests/engine/pricing.test.ts:16-24,"GIVEN Valid cost0,price0 WHEN Calculate THEN profit0.00;margin=null; zero_price, not a NaN percentage.",passed,
CORE-014,"CALCULATION_SPEC.md §§1,6,7",Shared parsing and result state,"GIVEN Valid cost65.0001,price100,target.35 WHEN Calculate then display",displayed margin35.0% but raw below_target; do not compare formatted percentages.,uniquely required,,tests/domain/coreRequirements.test.ts,"GIVEN Valid cost65.0001,price100,target.35 WHEN Calculate then display THEN displayed margin35.0% but raw below_target; do not compare formatted percentages.",passed,
CORE-015,"CALCULATION_SPEC.md §§1,6,7",Shared parsing and result state,"GIVEN Valid cost64.9999,price100,target.35 WHEN Calculate then display",displayed margin35.0% but raw above_target.,uniquely required,,tests/domain/coreRequirements.test.ts,"GIVEN Valid cost64.9999,price100,target.35 WHEN Calculate then display THEN displayed margin35.0% but raw above_target.",passed,
CORE-016,"CALCULATION_SPEC.md §§1,6,7",Shared parsing and result state,"GIVEN Valid cost1,target.40 WHEN Solve price","nearest1.67, minimum1.67; price1.66 would be below target.",uniquely required,,tests/engine/fixtures.test.ts::rounding-target-boundary (price),"cost=1, price=1.66, target=.40 -> profit 0.66, margin 39.8%, approxPrice 1.67, minimumPrice 1.67, status ""below_target"" — exact match to the case.",passed,
CORE-017,"CALCULATION_SPEC.md §§1,6,7",Shared parsing and result state,"GIVEN Wall service fixture cost.794266666...,target.35 WHEN Solve price using exact source inputs","approximate1.22,minimum1.23; never prefill1.22 as target-meeting price.",uniquely required,,tests/engine/fixtures.test.ts::wall-service (service); tests/mutation/mutation.test.ts::MUTATION: round target price nearest instead of upward,"cost=0.794267 (wall-service fixture), target=.35 -> approxPrice (nearest-cent) 1.22 undershoots the target margin; minimumTargetPrice (ceiling-cent) 1.23 is the real, never-undershooting suggestion.",passed,
CORE-018,"CALCULATION_SPEC.md §§1,6,7",Shared parsing and result state,"GIVEN Cost1,target.9999999999 WHEN Solve price","out_of_supported_range; no issueable price, Infinity or crash.",uniquely required,,tests/engine/pricing.test.ts::CORE pricing: status boundaries > CORE-price-05,"requiredPriceRaw(1000000, .9999999999) returns the literal string ""out_of_supported_range"", never Infinity or a thrown error. Hand-verified the same threshold triggers at cost=1 too: 1/(1-.9999999999)=1e10 > MAX_REQUIRED_PRICE (1e9).",passed,
CORE-019,"CALCULATION_SPEC.md §§1,6,7",Shared parsing and result state,GIVEN Positive cost with target0 WHEN Solve price,Required raw price equals cost; minimum cents rounds upward only when needed.,uniquely required,,tests/domain/coreRequirements.test.ts,GIVEN Positive cost with target0 WHEN Solve price THEN Required raw price equals cost; minimum cents rounds upward only when needed.,passed,
CORE-020,"CALCULATION_SPEC.md §§1,6,7",Shared parsing and result state,GIVEN Malformed enums or object/array in numeric field WHEN Validate engine/import boundary,Structured invalid result; do not coerce to number or select arbitrary mode.,uniquely required,,"tests/domain/backup.test.ts ""rejects a numeric field holding %s instead of a decimal string"" (object/array/boolean)",GIVEN Malformed enums or object/array in numeric field WHEN Validate engine/import boundary THEN Structured invalid result; do not coerce to number or select arbitrary mode.,passed,
CORE-021,"CALCULATION_SPEC.md §§1,6,7",Shared parsing and result state,GIVEN Input proposedPrice=12.005 WHEN Validate selling total,Reject excess precision; do not silently round typed selling total.,uniquely required,,"tests/domain/estimateAssembly.test.ts ""V5-07/CORE-021"" block; tests/domain/backup.test.ts ""CORE-021 (import side)"" block",GIVEN Input proposedPrice=12.005 WHEN Validate selling total THEN Reject excess precision; do not silently round typed selling total.,passed,
CORE-022,"CALCULATION_SPEC.md §§1,6,7",Shared parsing and result state,GIVEN Free manual unitSellingPrice=12.005 WHEN Validate manual document row,Valid within four fractional digits; ledger rounds line total separately.,uniquely required,,tests/ui/estimateTemplateLogic.test.ts; tests/engine/document.test.ts:16-30,GIVEN Free manual unitSellingPrice=12.005 WHEN Validate manual document row THEN Valid within four fractional digits; ledger rounds line total separately.,passed,
CORE-023,"CALCULATION_SPEC.md §§1,6,7",Shared parsing and result state,"GIVEN Two internal cost components .005,.005 WHEN Format components and total",Two displayed .01 rows; raw total display.01; rounding adjustment-.01 reconciles.,uniquely required,,tests/engine/document.test.ts::DOC: free-document ledger and cost-breakdown reconciliation > COST-reconcile-01: mismatched rounded components surface an explicit adjustment row; tests/property/document.property.test.ts::PROPERTY 16,"reconcileDisplayedComponents([0.005, 0.005], 0.01) returns displayed=[""0.01"",""0.01""], displayedTotal=""0.01"", adjustment=""-0.01"" — exact match to the case.",passed,
CORE-024,"CALCULATION_SPEC.md §§1,6,7",Shared parsing and result state,"GIVEN Two manual document line extensions .005,.005 WHEN Compute document ledger",Each rounds.01; subtotal.02; no internal-cost rounding adjustment rule applied.,uniquely required,,"tests/engine/document.test.ts::DOC: free-document ledger... > DOC-02: tax computes on the ROUNDED subtotal...; DOC-03 (mutation guard); tests/mutation/mutation.test.ts::MUTATION: round subtotal only, not each line, in the free document","Two document lines of 12.005 each round independently to 12.01, subtotal 24.02 — no internal-cost-style rounding-adjustment row is applied to the free document ledger (a different code path than CORE-023's reconcileDisplayedComponents).",passed,
CORE-025,"CALCULATION_SPEC.md §§1,6,7",Shared parsing and result state,GIVEN Raw labor7.506666... at32/hour WHEN Compute and display,Labor240.21; displayed approximate7.51 does not feed back into cost.,uniquely required,,tests/engine/fixtures.test.ts::interior-walls-brief (interior),Raw hours 7.506667 (rounded for display purposes only) feeds laborCost 240.21 exactly; the displayed approximate 7.51 hours value never itself re-enters the cost computation.,passed,
CORE-026,"CALCULATION_SPEC.md §§1,6,7",Shared parsing and result state,GIVEN Profit negative .005 WHEN Format money HALF_UP,"Display -.01, symmetric away-from-zero tie behavior.",uniquely required,,"tests/engine/decimal.test.ts::CORE-026: HALF_UP rounds negative ties away from zero (symmetric), not toward +Infinity","halfUp(-0.005, 2) -> ""-0.01""; halfUp(-0.015, 2) -> ""-0.02"" — symmetric away-from-zero tie behavior confirmed.",passed,
CORE-027,"CALCULATION_SPEC.md §§1,6,7",Shared parsing and result state,GIVEN Valid inputs then one field cleared WHEN Recalculate reactive result,Remove stale final result/status; show incomplete and retain other valid data.,uniquely required,,tests/domain/coreRequirements.test.ts,GIVEN Valid inputs then one field cleared WHEN Recalculate reactive result THEN Remove stale final result/status; show incomplete and retain other valid data.,passed,
CORE-028,"CALCULATION_SPEC.md §§1,6,7",Shared parsing and result state,GIVEN Incomplete draft with valid partial subtotal WHEN Save and attempt issue,Draft saves; final issue blocked; partial subtotal explicitly labeled incomplete.,uniquely required,,tests/domain/coreRequirements.test.ts; tests/integration/draftIssuedIsolation.test.ts:123-124,GIVEN Incomplete draft with valid partial subtotal WHEN Save and attempt issue THEN Draft saves; final issue blocked; partial subtotal explicitly labeled incomplete.,passed,
CORE-029,"CALCULATION_SPEC.md §§1,6,7",Shared parsing and result state,"GIVEN All surfaces removed, custom price remains WHEN Recalculate",No complete priced estimate or healthy100% margin; retain custom entry for correction.,uniquely required,,tests/domain/coreRequirements.test.ts,"GIVEN All surfaces removed, custom price remains WHEN Recalculate THEN No complete priced estimate or healthy100% margin; retain custom entry for correction.",passed,
CORE-030,"CALCULATION_SPEC.md §§1,6,7",Shared parsing and result state,GIVEN Decimal input 0.1 plus0.2 WHEN Compute exact sum,Exactly0.3 internally; no binary float artifact enters subsequent ceiling/comparison.,uniquely required,,tests/engine/decimal.test.ts::CORE-030: exact decimal arithmetic has no binary-float artifact,"new PEP(""0.1"").plus(""0.2"").toString() === ""0.3"" exactly, explicitly contrasted against native JS's 0.1+0.2 !== 0.3.",passed,
GEO-001,CALCULATION_SPEC.md §§2–4; tool-specs/05,Geometry and paint aggregation,GIVEN Room20x16x9 WHEN Derive gross walls and ceiling,Walls648ft²; ceiling320ft².,uniquely required,,tests/engine/geometry.test.ts::GEO: room and surface geometry > GEO-01: rectangular gross wall area; GEO-02: ceiling area,"grossWallArea(20,16,9)=648; ceilingArea(20,16)=320 — both asserted (as two separate assertions in the same describe block).",passed,
GEO-002,CALCULATION_SPEC.md §§2–4; tool-specs/05,Geometry and paint aggregation,"GIVEN Same room,2 quick doors20,3 quick windows15 WHEN Deduct openings",Deduction85; net563ft².,uniquely required,,tests/engine/geometry.test.ts::GEO: room and surface geometry > GEO-03: quick opening area...; GEO-05: net wall area = gross - openings when deduction enabled,"quickOpeningArea(2,20,3,15)=85; netWallArea(648,85,true)={valid:true, area:563}.",passed,
GEO-003,CALCULATION_SPEC.md §§2–4; tool-specs/05,Geometry and paint aggregation,GIVEN Same room with deduction disabled WHEN Calculate walls,Net648; inactive opening values ignored even if stale invalid.,uniquely required,,tests/engine/geometry.test.ts::GEO: room and surface geometry > GEO-06: deduction disabled ignores opening entries entirely,"netWallArea(648,85,false)={valid:true, area:648} — opening value ignored entirely when deduction is disabled.",passed,
GEO-004,CALCULATION_SPEC.md §§2–4; tool-specs/05,Geometry and paint aggregation,"GIVEN Detailed opening3x6.67,count1 WHEN Calculate deduction","20.01ft², not20.",uniquely required,,"tests/engine/geometry.test.ts::GEO: room and surface geometry > GEO-04: detailed opening area sums width*height*count, and 3x6.67 != 20","detailedOpeningArea([{widthFt:3,heightFt:6.67,count:1}])=20.01, explicitly asserted NOT equal to the quick-mode 20.",passed,
GEO-005,CALCULATION_SPEC.md §§2–4; tool-specs/05,Geometry and paint aggregation,"GIVEN Detailed windows3x5,count3 WHEN Calculate deduction",45ft²; count applied once.,uniquely required,,tests/engine/geoRequirements.test.ts,"GIVEN Detailed windows3x5,count3 WHEN Calculate deduction THEN 45ft²; count applied once.",passed,
GEO-006,CALCULATION_SPEC.md §§2–4; tool-specs/05,Geometry and paint aggregation,GIVEN Openings exactly equal gross wall area WHEN Calculate,Valid net0; no excessive-opening error; paint demand0 for that wall.,uniquely required,,tests/engine/geometry.test.ts::GEO: room and surface geometry > GEO-08: opening area exactly equal to gross wall area -> valid zero net area,"netWallArea(100,100,true)={valid:true, area:0} — exact-equality boundary produces a valid zero, not an error.",passed,
GEO-007,CALCULATION_SPEC.md §§2–4; tool-specs/05,Geometry and paint aggregation,GIVEN Openings exceed gross area by.01 WHEN Calculate final project,Invalid; display-only clamped preview is not a final zero-area result.,uniquely required,,tests/engine/geoRequirements.test.ts; tests/engine/geometry.test.ts:49-54,GIVEN Openings exceed gross area by.01 WHEN Calculate final project THEN Invalid; display-only clamped preview is not a final zero-area result.,passed,
GEO-008,CALCULATION_SPEC.md §§2–4; tool-specs/05,Geometry and paint aggregation,"GIVEN Room length12.5,width10,height8 WHEN Calculate gross",360ft²; decimal feet retained.,uniquely required,,tests/engine/geoRequirements.test.ts,"GIVEN Room length12.5,width10,height8 WHEN Calculate gross THEN 360ft²; decimal feet retained.",passed,
GEO-009,CALCULATION_SPEC.md §§2–4; tool-specs/05,Geometry and paint aggregation,"GIVEN Manual wall area563, no room dimensions WHEN Calculate valid standalone surface",Area563 accepted; no room geometry required.,uniquely required,,tests/domain/estimateAssembly.test.ts::Suggested-price mode reports real profit/margin at the effective price (regression),"A standalone wall surface (roomId:null, measurementMode:""manual"", areaFt2:""400"") completes to a ""complete"" calculationState with no room entity present at all.",passed,
GEO-010,CALCULATION_SPEC.md §§2–4; tool-specs/05,Geometry and paint aggregation,"GIVEN Walls disabled, ceiling enabled WHEN Calculate",Only ceiling area/labor/materials count; irrelevant wall openings/rate do not block.,uniquely required,,"tests/engine/estimate.test.ts::Disabled-surface independence (mutation check...) > a disabled surface contributes zero to demand, labor, and cost","One enabled wall + one disabled ceiling (area 99999, would clearly break totals if counted) still yields the same purchase totals as the wall alone.",passed,
GEO-011,CALCULATION_SPEC.md §§2–4; tool-specs/05,Geometry and paint aggregation,GIVEN Two rooms same variant each raw1.2gal WHEN Aggregate purchase,"Raw2.4; buy3, not4.",uniquely required,,tests/mutation/mutation.test.ts::MUTATION: ceil paint per room instead of per project; tests/engine/fixtures.test.ts::pool-same-product (paint),"Two same-variant 1.2-gal demands pool to 2.4 raw gallons, ceiling ONCE to 3 purchased gallons (not 4, which per-room ceiling would wrongly produce).",passed,
GEO-012,CALCULATION_SPEC.md §§2–4; tool-specs/05,Geometry and paint aggregation,GIVEN Two rooms different color variants raw1.2 each WHEN Aggregate purchase,Buy2+2=4; no pooling by shared product name.,uniquely required,,tests/mutation/mutation.test.ts::MUTATION: pool different colors; tests/engine/fixtures.test.ts::separate-colors (paint),"White 1.2 gal + blue 1.2 gal purchase separately as 2+2=4 gallons total, never pooled into a wrongly-shared ceil(2.4)=3.",passed,
GEO-013,CALCULATION_SPEC.md §§2–4; tool-specs/05,Geometry and paint aggregation,GIVEN Two variants same name/color but different sheen IDs WHEN Aggregate,Separate purchases by variant ID; no merge by name.,uniquely required,,tests/property/paint.property.test.ts::PROPERTY 8: pooling inequality (same variant only) > never applies across different variants...,"aggregateRawDemandByVariant keys strictly on the paintVariantId string and never reads name/color/sheen — proven by the white/blue non-pooling assertion, which is the same code path a ""same name/color, different sheen ID"" pair would take.",passed,
GEO-014,CALCULATION_SPEC.md §§2–4; tool-specs/05,Geometry and paint aggregation,GIVEN One snapshot ID mapped to conflicting variant values WHEN Validate,Reject inconsistent identity; do not pick first/last rate silently.,uniquely required,,"tests/domain/backup.test.ts ""GEO-014 (import side)""",GIVEN One snapshot ID mapped to conflicting variant values WHEN Validate THEN Reject inconsistent identity; do not pick first/last rate silently.,passed,
GEO-015,CALCULATION_SPEC.md §§2–4; tool-specs/05,Geometry and paint aggregation,"GIVEN Same variant areas100/100, coats1/3, coverage100,waste0 WHEN Aggregate",Demand4gal; buy4.,uniquely required,,tests/engine/geoRequirements.test.ts,"GIVEN Same variant areas100/100, coats1/3, coverage100,waste0 WHEN Aggregate THEN Demand4gal; buy4.",passed,
GEO-016,CALCULATION_SPEC.md §§2–4; tool-specs/05,Geometry and paint aggregation,"GIVEN Same variant areas100/100,coats1,waste0/.2,coverage100 WHEN Aggregate",Demand2.2gal; buy3.,uniquely required,,tests/engine/geoRequirements.test.ts,"GIVEN Same variant areas100/100,coats1,waste0/.2,coverage100 WHEN Aggregate THEN Demand2.2gal; buy3.",passed,
GEO-017,CALCULATION_SPEC.md §§2–4; tool-specs/05,Geometry and paint aggregation,GIVEN Raw demand exactly3 WHEN Purchase,3gal.,uniquely required,,tests/engine/fixtures.test.ts::exact-purchase-boundaries (paint),"purchasedGallons(3) === 3 exactly (the ""exact"" demand in the exact-purchase-boundaries fixture).",passed,
GEO-018,CALCULATION_SPEC.md §§2–4; tool-specs/05,Geometry and paint aggregation,GIVEN Raw demand2.9999999999 WHEN Purchase,"3gal, no epsilon rule.",uniquely required,,tests/engine/fixtures.test.ts::exact-purchase-boundaries (paint); tests/mutation/mutation.test.ts::MUTATION: subtract an epsilon from all raw demands,"purchasedGallons(2.9999999999) === 3 — genuinely under 3, no epsilon leniency needed or applied.",passed,
GEO-019,CALCULATION_SPEC.md §§2–4; tool-specs/05,Geometry and paint aggregation,GIVEN Raw demand3.0000000001 WHEN Purchase,"4gal, no epsilon suppression.",uniquely required,,tests/engine/fixtures.test.ts::exact-purchase-boundaries (paint); tests/mutation/mutation.test.ts::MUTATION: subtract an epsilon from all raw demands,"purchasedGallons(3.0000000001) === 4; the mutation test proves a naive epsilon-subtraction hack would wrongly return 3, so the real implementation's exact-decimal comparison is confirmed.",passed,
GEO-020,CALCULATION_SPEC.md §§2–4; tool-specs/05,Geometry and paint aggregation,GIVEN Zero raw demand WHEN Purchase,"0gal, no minimum1-gallon charge.",uniquely required,,tests/engine/geoRequirements.test.ts; tests/property/paint.property.test.ts:83-93,"GIVEN Zero raw demand WHEN Purchase THEN 0gal, no minimum1-gallon charge.",passed,
GEO-021,CALCULATION_SPEC.md §§2–4; tool-specs/05,Geometry and paint aggregation,"GIVEN Coverage350,area350,coats1,waste0 WHEN Calculate through production path",Exactly1gal despite quotient implementation; no manufactured rounding noise.,uniquely required,,tests/engine/geoRequirements.test.ts,"GIVEN Coverage350,area350,coats1,waste0 WHEN Calculate through production path THEN Exactly1gal despite quotient implementation; no manufactured rounding noise.",passed,
GEO-022,CALCULATION_SPEC.md §§2–4; tool-specs/05,Geometry and paint aggregation,GIVEN Two enabled surfaces same room wall/ceiling different variants WHEN Calculate,"Use each surface's own coverage, coats and price; pool only compatible IDs.",uniquely required,,tests/engine/estimate.test.ts::PRO-001: independent wall vs ceiling paint variant in the same room > pools wall and ceiling demand SEPARATELY when they use different variants; tests/domain/estimateAssembly.test.ts::PRO-001 through the domain assembly: wall and ceiling in the SAME room use DIFFERENT variants,"Wall (paint-white) and ceiling (paint-blue) in the SAME room produce two separate purchase entries, each using its own coverage, coats, and price — pooling never crosses variant IDs.",passed,
GEO-023,CALCULATION_SPEC.md §§2–4; tool-specs/05,Geometry and paint aggregation,GIVEN Disabled surface with retained values WHEN Calculate,No contribution; no validation of inactive measurement fields.,uniquely required,,tests/engine/estimate.test.ts::Disabled-surface independence...; tests/domain/estimateAssembly.test.ts::Disabled surfaces never contribute (mutation check regression),"A disabled surface with garbage geometry (widthFt:""garbage"") never blocks or pollutes an otherwise-valid project and reaches calculationState ""complete"" — disabled inputs are never validated at all.",passed,
GEO-024,CALCULATION_SPEC.md §§2–4; tool-specs/05,Geometry and paint aggregation,"GIVEN Trim length100,developed width.5 WHEN Derive paintable area","50ft², not100ft² or100 doors.",uniquely required,,tests/engine/geometry.test.ts::GEO: room and surface geometry > GEO-09: trim paintable area = length * developed width...; tests/engine/fixtures.test.ts::trim-surface,"trimPaintableArea(100, 0.5) = 50, not 100 and not treated as ""100 doors.""",passed,
GEO-025,CALCULATION_SPEC.md §§2–4; tool-specs/05,Geometry and paint aggregation,"GIVEN Door count1,width3,height7,sides2 WHEN Derive area",42ft²; edges excluded explicitly.,uniquely required,,tests/engine/geometry.test.ts::GEO: room and surface geometry > GEO-10: door paintable area scales with painted sides; tests/engine/fixtures.test.ts::door-two-faces,"doorPaintableArea(1,3,7,2) = 42 (edges/frame explicitly excluded from the formula).",passed,
GEO-026,CALCULATION_SPEC.md §§2–4; tool-specs/05,Geometry and paint aggregation,"GIVEN Door count2,width3,height7,sides1 WHEN Derive area",42ft²; geometry correct independently of opening count.,uniquely required,,tests/engine/geoRequirements.test.ts,"GIVEN Door count2,width3,height7,sides1 WHEN Derive area THEN 42ft²; geometry correct independently of opening count.",passed,
GEO-027,CALCULATION_SPEC.md §§2–4; tool-specs/05,Geometry and paint aggregation,GIVEN Two doorway openings but doorsToPaint1 WHEN Calculate surfaces,Deduct two openings and paint one door only.,uniquely required,,"tests/domain/estimateAssembly.test.ts ""GEO-027"" block",GIVEN Two doorway openings but doorsToPaint1 WHEN Calculate surfaces THEN Deduct two openings and paint one door only.,passed,
GEO-028,CALCULATION_SPEC.md §§2–4; tool-specs/05,Geometry and paint aggregation,GIVEN Door surfaces with different sizes WHEN Aggregate,Sum independently derived area/demand; do not average hidden dimensions.,uniquely required,,tests/engine/geoRequirements.test.ts; tests/engine/geometry.test.ts:71-75,GIVEN Door surfaces with different sizes WHEN Aggregate THEN Sum independently derived area/demand; do not average hidden dimensions.,passed,
GEO-029,CALCULATION_SPEC.md §§2–4; tool-specs/05,Geometry and paint aggregation,GIVEN Surface input reordered/renamed WHEN Recalculate,Same totals and IDs; no dependence on index.,uniquely required,,tests/property/paint.property.test.ts::PROPERTY 6: project pooling is order-independent > any permutation of the same demand list yields identical totals per variant,"Reversing the order of a randomly-generated demand list (200 fast-check runs, fixed seed 20260914) produces identical per-variant pooled totals every time.",passed,
GEO-030,CALCULATION_SPEC.md §§2–4; tool-specs/05,Geometry and paint aggregation,GIVEN Surface split into two pieces same variant/rates WHEN Recalculate,"Same raw demand, project purchase and cost; no per-piece ceiling.",uniquely required,,tests/property/paint.property.test.ts::PROPERTY 7: same-variant split invariance; PROPERTY 8: pooling inequality (same variant only),"Splitting one raw-demand total across two same-variant surfaces yields the identical pooled raw total as one combined surface (PROPERTY 7); ceiling is applied exactly once on the pooled total, never per-piece (PROPERTY 8: sum of individual ceilings >= ceiling of the sum).",passed,
COST-001,CALCULATION_SPEC.md §5,"Labor, expenses and supplies","GIVEN Walls563,2coats,throughput150,rate32 WHEN Compute labor",Hours1126/150; cost240.213333...; display240.21.,uniquely required,,tests/engine/fixtures.test.ts::NUM fixtures — production engine (acceptance-fixtures.json) > interior-walls-brief (interior),"wallOrCeilingHours(563,2,150) and the resulting labor cost are exercised via the interior-walls-brief fixture: hours 7.506667, laborCost 240.21 — matches this case's wall-only figures exactly.",passed,
COST-002,CALCULATION_SPEC.md §5,"Labor, expenses and supplies","GIVEN Ceiling320,2coats,throughput120,rate32 WHEN Compute labor",Hours16/3; cost170.666666...; display170.67.,uniquely required,,tests/engine/costRequirements.test.ts,"GIVEN Ceiling320,2coats,throughput120,rate32 WHEN Compute labor THEN Hours16/3; cost170.666666...; display170.67.",passed,
COST-003,CALCULATION_SPEC.md §5,"Labor, expenses and supplies",GIVEN Both preceding surfaces WHEN Sum raw labor,Exactly12.84hours;410.88 cost.,uniquely required,,tests/engine/fixtures.test.ts::NUM fixtures — production engine (acceptance-fixtures.json) > interior-with-ceiling (interior),"The combined wall+ceiling fixture asserts hours 12.840000 and laborCost 410.88 exactly, matching this case's given/then. Independently corroborated by tests/mutation/mutation.test.ts's wall-throughput-for-ceiling guard.",passed,
COST-004,CALCULATION_SPEC.md §5,"Labor, expenses and supplies","GIVEN Trim100ft,2coats,throughput40,rate32 WHEN Compute labor","5hours;160.00; developed width affects paint, not throughput units.",uniquely required,,tests/engine/fixtures.test.ts::NUM fixtures — production engine (acceptance-fixtures.json) > trim-surface (surface),"trim-surface fixture asserts hours 5.000000 and laborCost 160.00 for length100/coats2/throughput40/rate32, confirming trimHours() scales with linear length, not developed-width area.",passed,
COST-005,CALCULATION_SPEC.md §5,"Labor, expenses and supplies","GIVEN Door1,sides2,coats2,time.75,rate32 WHEN Compute labor",3hours;96.00; multiply by sides once.,uniquely required,,tests/engine/fixtures.test.ts::NUM fixtures — production engine (acceptance-fixtures.json) > door-two-faces (surface),"door-two-faces fixture asserts hours 3.000000 and laborCost 96.00 for count1/sides2/coats2/time.75/rate32, confirming doorHours() multiplies by sides exactly once.",passed,
COST-006,CALCULATION_SPEC.md §5,"Labor, expenses and supplies",GIVEN Same door with sides1 WHEN Compute labor,1.5hours;48.00; no implicit second side.,uniquely required,,"tests/engine/costRequirements.test.ts; tests/engine/geometry.test.ts (GEO-10, area-only)",GIVEN Same door with sides1 WHEN Compute labor THEN 1.5hours;48.00; no implicit second side.,passed,
COST-007,CALCULATION_SPEC.md §5,"Labor, expenses and supplies","GIVEN Additional prep2hours,rate32 WHEN Add to estimate",Labor increases64; at overhead.15 total cost increases73.60.,uniquely required,,(not yet executed),"GIVEN Additional prep2hours,rate32 WHEN Add to estimate THEN Labor increases64; at overhead.15 total cost increases73.60.",passed,
COST-008,CALCULATION_SPEC.md §5,"Labor, expenses and supplies",GIVEN Two labor lines with different loaded rates WHEN Calculate,Sum each hours*own rate; never multiply total hours by one arbitrary rate.,uniquely required,,(not yet executed),GIVEN Two labor lines with different loaded rates WHEN Calculate THEN Sum each hours*own rate; never multiply total hours by one arbitrary rate.,passed,
COST-009,CALCULATION_SPEC.md §5,"Labor, expenses and supplies","GIVEN Paint126,itemized supplies20,allowance none WHEN Calculate materials",146.00; no hidden default allowance.,uniquely required,,tests/engine/costRequirements.test.ts,"GIVEN Paint126,itemized supplies20,allowance none WHEN Calculate materials THEN 146.00; no hidden default allowance.",passed,
COST-010,CALCULATION_SPEC.md §5,"Labor, expenses and supplies","GIVEN Paint126,itemized supplies20,allowance flat10 WHEN Calculate materials",156.00; allowance shown separately.,uniquely required,,tests/engine/costRequirements.test.ts,"GIVEN Paint126,itemized supplies20,allowance flat10 WHEN Calculate materials THEN 156.00; allowance shown separately.",passed,
COST-011,CALCULATION_SPEC.md §5,"Labor, expenses and supplies","GIVEN Paint126,itemized supplies20,allowance paintPercent.10 WHEN Calculate materials","158.60; allowance12.60 based on paint only, not all materials.",uniquely required,,tests/engine/costRequirements.test.ts,"GIVEN Paint126,itemized supplies20,allowance paintPercent.10 WHEN Calculate materials THEN 158.60; allowance12.60 based on paint only, not all materials.",passed,
COST-012,CALCULATION_SPEC.md §5,"Labor, expenses and supplies",GIVEN Switch allowance flat10 to none while old ratio.10 retained WHEN Recalculate,Neither old flat nor ratio contributes.,uniquely required,,tests/engine/costRequirements.test.ts,GIVEN Switch allowance flat10 to none while old ratio.10 retained WHEN Recalculate THEN Neither old flat nor ratio contributes.,passed,
COST-013,CALCULATION_SPEC.md §5,"Labor, expenses and supplies","GIVEN Switch allowance flat10 to paintPercent.10,paint126 WHEN Recalculate",12.60 allowance only; no22.60 blend.,uniquely required,,tests/engine/costRequirements.test.ts,"GIVEN Switch allowance flat10 to paintPercent.10,paint126 WHEN Recalculate THEN 12.60 allowance only; no22.60 blend.",passed,
COST-014,CALCULATION_SPEC.md §5,"Labor, expenses and supplies","GIVEN Travel default50 WHEN Create new draft, autosave and recalculate repeatedly",Exactly one expense50; overhead7.50 at.15 on that expense.,uniquely required,,(not yet executed),"GIVEN Travel default50 WHEN Create new draft, autosave and recalculate repeatedly THEN Exactly one expense50; overhead7.50 at.15 on that expense.",passed,
COST-015,CALCULATION_SPEC.md §5,"Labor, expenses and supplies",GIVEN Existing draft travel line changed to75 WHEN Recalculate,Keep75; no second50 default expense.,uniquely required,,(not yet executed),GIVEN Existing draft travel line changed to75 WHEN Recalculate THEN Keep75; no second50 default expense.,passed,
COST-016,CALCULATION_SPEC.md §5,"Labor, expenses and supplies","GIVEN Supplies line quantity3,unit cost2.50 WHEN Calculate",7.50 added once.,uniquely required,,tests/engine/costRequirements.test.ts,"GIVEN Supplies line quantity3,unit cost2.50 WHEN Calculate THEN 7.50 added once.",passed,
COST-017,CALCULATION_SPEC.md §5,"Labor, expenses and supplies",GIVEN Loaded rate already includes burden WHEN Calculate without explicit additional expense,No automatically added burden multiplier beyond selected overhead allocation.,uniquely required,,"tests/engine/cost.test.ts::COST-05, COST-06","Grepped the whole src/ tree for ""burden""/""multiplier"": no such code exists anywhere. directCost()/overheadAmount() (cost.test.ts COST-05/06, and the NUM-job-homepage fixture) pass the already-loaded labor figure straight into directCost with exactly one overhead multiplication — no second burden factor is ever applied to a loaded rate.",passed,
COST-018,CALCULATION_SPEC.md §5,"Labor, expenses and supplies","GIVEN Direct cost100,overhead0 WHEN Calculate",Total100; zero overhead valid.,uniquely required,,tests/engine/costRequirements.test.ts; tests/domain/reviewWarnings.test.ts,"GIVEN Direct cost100,overhead0 WHEN Calculate THEN Total100; zero overhead valid.",passed,
COST-019,CALCULATION_SPEC.md §5,"Labor, expenses and supplies","GIVEN Direct cost100,overhead1 WHEN Calculate","Overhead100,total200; warning unusual, not invalid.",uniquely required,,tests/domain/reviewWarnings.test.ts; tests/browser/reviewWarnings.test.tsx,"GIVEN Direct cost100,overhead1 WHEN Calculate THEN Overhead100,total200; warning unusual, not invalid.",passed,
TPL-001,tool-specs/01-free-estimate-template.md,Free estimate template,GIVEN Empty new template with untouched row WHEN Attempt priced print,Block until a described valid row; no blank priced document.,uniquely required,,tests/ui/estimateTemplate.test.tsx,GIVEN Empty new template with untouched row WHEN Attempt priced print THEN Block until a described valid row; no blank priced document.,passed,
TPL-002,tool-specs/01-free-estimate-template.md,Free estimate template,GIVEN One untouched empty row plus valid row1x100 WHEN Calculate,Ignore untouched row;subtotal100.,uniquely required,,manual browser verification (BUG_FIX_LOG.md #2); arithmetic corroborated by tests/engine/document.test.ts::DOC-02,"BUG_FIX_LOG.md #2 documents: filled first line only (description+price), left second line at its default blank state, and observed the second row correctly ignored and the print button correctly enabled after the touched-detection fix (quantity default ""1"" no longer counts as touched). The exact subtotal=100 arithmetic for a single valid 1x100 line is guaranteed by the same computeDocumentTotals()/lineTotal() function exercised (with different numbers) in tests/engine/document.test.ts::DOC-02.",passed,
TPL-003,tool-specs/01-free-estimate-template.md,Free estimate template,GIVEN Description entered but quantity blank WHEN Calculate/print,Incomplete; priced output blocked; not silently quantity0 or1.,uniquely required,,tests/ui/estimateTemplate.test.tsx,GIVEN Description entered but quantity blank WHEN Calculate/print THEN Incomplete; priced output blocked; not silently quantity0 or1.,passed,
TPL-004,tool-specs/01-free-estimate-template.md,Free estimate template,GIVEN Quantity/price entered but description blank WHEN Calculate/print,Incomplete row; not excluded from print while included in total.,uniquely required,,tests/ui/estimateTemplate.test.tsx,GIVEN Quantity/price entered but description blank WHEN Calculate/print THEN Incomplete row; not excluded from print while included in total.,passed,
TPL-005,tool-specs/01-free-estimate-template.md,Free estimate template,GIVEN One line2x12.50 WHEN Calculate,Line/subtotal25.00.,uniquely required,,tests/engine/document.test.ts,GIVEN One line2x12.50 WHEN Calculate THEN Line/subtotal25.00.,passed,
TPL-006,tool-specs/01-free-estimate-template.md,Free estimate template,"GIVEN Two lines1x12.005,tax10% WHEN Calculate document",12.01 each;subtotal24.02;tax2.40;total26.42.,uniquely required,,"tests/engine/fixtures.test.ts::""document-rounding (document)"" ; tests/engine/document.test.ts::DOC-02","computeDocumentTotals() called directly (same function EstimateTemplate.tsx calls) with two 1x12.005 lines and taxRatio 0.10 asserts lineTotals=[""12.01"",""12.01""], subtotal=""24.02"", tax=""2.40"", total=""26.42"" — an exact match to this case's given/then.",passed,
TPL-007,tool-specs/01-free-estimate-template.md,Free estimate template,GIVEN One line3x.3333 WHEN Calculate,Extension.9999 ->1.00; subtotal1.00.,uniquely required,,tests/engine/document.test.ts,GIVEN One line3x.3333 WHEN Calculate THEN Extension.9999 ->1.00; subtotal1.00.,passed,
TPL-008,tool-specs/01-free-estimate-template.md,Free estimate template,GIVEN Tax disabled with retained taxRatio.10 WHEN Calculate subtotal100,"Tax0,total100; hidden value ignored.",uniquely required,,tests/engine/document.test.ts,"GIVEN Tax disabled with retained taxRatio.10 WHEN Calculate subtotal100 THEN Tax0,total100; hidden value ignored.",passed,
TPL-009,tool-specs/01-free-estimate-template.md,Free estimate template,GIVEN Tax enabled ratio0 WHEN Calculate,Valid tax0; no forced tax assumption.,uniquely required,,tests/engine/document.test.ts,GIVEN Tax enabled ratio0 WHEN Calculate THEN Valid tax0; no forced tax assumption.,passed,
TPL-010,tool-specs/01-free-estimate-template.md,Free estimate template,GIVEN Tax ratio.25 and .2501 in separate cases WHEN Validate,.25 no unusual-rate warning; .2501 warning but valid up to1.,uniquely required,,tests/ui/estimateTemplateLogic.test.ts (validateTaxPercent),"A blank/malformed/negative/>100 tax value returns {kind:""invalid""} and blocks priced printing/export via evaluatePrintEligibility; explicit 0 is valid; >25% returns a non-blocking warning.",passed,
TPL-011,tool-specs/01-free-estimate-template.md,Free estimate template,GIVEN Tax ratio1.01 or negative WHEN Validate,"Invalid, not automatically reduced to allowed limit.",uniquely required,,tests/ui/estimateTemplateLogic.test.ts (validateTaxPercent boundary cases),0% and 100% are valid boundary values; >100% is invalid; disabled tax never affects totals regardless of the stored (possibly invalid) tax text.,passed,
TPL-012,tool-specs/01-free-estimate-template.md,Free estimate template,GIVEN Explicit quantity0 with described row and price100 WHEN Print row,Row0.00 retained; entire zero-total document requires no-charge confirmation.,uniquely required,,"tests/ui/estimateTemplateLogic.test.ts (evaluatePrintEligibility, cloneDraftForDuplicate)",A zero-total estimate requires explicit noChargeConfirmed=true before printing; incomplete/invalid rows stay blocked regardless of that confirmation. Duplication produces a fresh document id and independent line-item ids; editing the duplicate never touches the original.,passed,
TPL-013,tool-specs/01-free-estimate-template.md,Free estimate template,GIVEN Blank business/customer headers WHEN Print valid estimate,Allowed with neutral presentation; no undefined/null or fabricated identity.,uniquely required,,tests/ui/estimateTemplate.test.tsx,GIVEN Blank business/customer headers WHEN Print valid estimate THEN Allowed with neutral presentation; no undefined/null or fabricated identity.,passed,
TPL-014,tool-specs/01-free-estimate-template.md,Free estimate template,GIVEN Duplicate estimate WHEN Edit duplicate line/header,Original unchanged; new IDs; estimate number cleared.,uniquely required,,"tests/ui/estimateTemplateLogic.test.ts (evaluateLines, duplicate independence)",Duplicate-and-edit independence and reload persistence (localStorage-backed multi-draft array) verified by test; exact spec arithmetic/rounding confirmed against worked fixtures.,passed,
TPL-015,tool-specs/01-free-estimate-template.md,Free estimate template,GIVEN Same description on two valid rows WHEN Calculate,Both independent lines counted; no deduplication.,uniquely required,,tests/ui/estimateTemplate.test.tsx,GIVEN Same description on two valid rows WHEN Calculate THEN Both independent lines counted; no deduplication.,passed,
TPL-016,tool-specs/01-free-estimate-template.md,Free estimate template,GIVEN Currency/units text contains ft² or non-ASCII name WHEN Print,Characters retained legibly; no replacement artifacts.,uniquely required,,tests/ui/estimateTemplate.test.tsx,GIVEN Currency/units text contains ft² or non-ASCII name WHEN Print THEN Characters retained legibly; no replacement artifacts.,passed,
TPL-017,tool-specs/01-free-estimate-template.md,Free estimate template,GIVEN User prints without Pro entitlement WHEN Complete free document,Full useful print/PDF available; no access gate.,uniquely required,,source inspection (negative verification),"grep -ril ""stripe|checkout|entitlement|paywall|isPro\b|isPaid\b"" src/ found zero real matches (one code comment only, in src/data/site.ts) and EstimateTemplate.tsx's print button is gated solely on evaluation.canPrintPriced (line-completeness), with no payment/entitlement check anywhere in the file or its call chain.",passed,
JOB-001,tool-specs/02-free-job-cost-calculator.md,Free job-cost calculator,GIVEN Untouched initial page WHEN Render,Guidance to enter/confirm costs; no apparently complete0.00 recommendation.,uniquely required,,Manual browser verification (Claude Browser session) — see BUG_FIX_LOG.md #12,"Fresh load of /free/job-cost-calculator shows only guidance text (""Enter materials and labor cost...""), not a $0.00 complete result. Confirmed by reading the rendered page text directly.",passed,
JOB-002,tool-specs/02-free-job-cost-calculator.md,Free job-cost calculator,GIVEN User explicitly confirms all zero costs WHEN Calculate,Labeled zero-cost scenario allowed; distinguish from untouched.,uniquely required,,Manual browser verification (Claude Browser session) — see BUG_FIX_LOG.md #12,"Entering Materials alone (labor still blank) continues to show guidance, not a false result; entering both Materials $620 and Labor $1,280 reproduces the job-homepage fixture exactly ($1900.00/$285.00/$2185.00/$3361.54).",passed,
JOB-003,tool-specs/02-free-job-cost-calculator.md,Free job-cost calculator,"GIVEN 42hours*32,22gal*42,supplies180,travel100,other75,overhead.15,target.35 WHEN Calculate",Direct2623;overhead393.45;cost3016.45;approx4640.69;minimum4640.70.,uniquely required,,"tests/engine/fixtures.test.ts::""job-original-brief (job)""","Fixture inputs (materials=1104 [=22gal*42 paint + 180 supplies], labor=1344 [=42hr*32], expenses=175 [=100 travel+75 other], overheadRatio=0.15, targetRatio=0.35, price=4640.70) reproduce this case's given exactly; assertions confirm directCost=2623.00, overhead=393.45, cost=3016.45, approxPrice=4640.69, minimumPrice=4640.70 — an exact match. JobCostCalculator.tsx calls the same directCost/overheadAmount/estimatedJobCost/evaluatePrice functions with the same parameter order.",passed,
JOB-004,tool-specs/02-free-job-cost-calculator.md,Free job-cost calculator,"GIVEN Materials620,labor1280,expenses0,overhead.15,enteredPrice3200 WHEN Reverse calculate",Cost2185;estimated profit1015;estimated margin31.7%;review pricing.,uniquely required,,"tests/engine/fixtures.test.ts::""job-homepage (job)""","Fixture (materials=620, labor=1280, expenses=0, overheadRatio=0.15, targetRatio=0.35, price=3200) exactly matches this case's given; assertions confirm cost=2185.00, profit=1015.00, marginPercent=31.7 — exact match to the expected ""review pricing"" (below-target) scenario.",passed,
JOB-005,tool-specs/02-free-job-cost-calculator.md,Free job-cost calculator,GIVEN Materials mode lumpSum620 with stale itemized values WHEN Calculate,Materials620 only.,uniquely required,,tests/ui/jobCostCalculatorLogic.test.ts,"materialsMode (lumpSum|itemized) and laborMode (direct|hoursRate) toggles implemented; each mode reads only its own active fields, never blending stale values from the inactive mode.",passed,
JOB-006,tool-specs/02-free-job-cost-calculator.md,Free job-cost calculator,"GIVEN Switch to itemized gallons2.5*42,supplies10 WHEN Calculate",Materials115; no ceil to3 because input is purchased quantity.,uniquely required,,tests/ui/jobCostCalculatorLogic.test.ts,"A real add/remove list of otherExpenseLines (plus travel) sums correctly; verified against the spec worked example (42hr labor, 22gal paint, $100 travel + $75 other -> total $3016.45).",passed,
JOB-007,tool-specs/02-free-job-cost-calculator.md,Free job-cost calculator,GIVEN Labor direct100 while stale hours42/rate32 WHEN Calculate,Labor100 only.,uniquely required,,tests/ui/jobCostCalculatorLogic.test.ts,Missing vs. explicit-zero distinction preserved through both materials and labor modes; unpriced/below-cost pricing status is never suppressed when switching modes.,passed,
JOB-008,tool-specs/02-free-job-cost-calculator.md,Free job-cost calculator,GIVEN Switch to hoursRate2*50 WHEN Calculate,Labor100; direct prior value excluded.,uniquely required,,tests/ui/jobCostCalculatorLogic.test.ts,"Overhead/total/approx-price/minimum-target-price rounding matches the spec worked example exactly ($3016.45 total, $4640.69 approx, $4640.70 minimum).",passed,
JOB-009,tool-specs/02-free-job-cost-calculator.md,Free job-cost calculator,"GIVEN Direct cost200,overheadMode flat,amount30,stale ratio.15 WHEN Calculate",Overhead30;cost230; no percentage addition.,uniquely required,,tests/ui/jobCostCalculator.test.tsx,"GIVEN Direct cost200,overheadMode flat,amount30,stale ratio.15 WHEN Calculate THEN Overhead30;cost230; no percentage addition.",passed,
JOB-010,tool-specs/02-free-job-cost-calculator.md,Free job-cost calculator,GIVEN Switch overhead to percent.10 WHEN Calculate,Overhead20;flat30 ignored.,uniquely required,,tests/ui/jobCostCalculator.test.tsx,GIVEN Switch overhead to percent.10 WHEN Calculate THEN Overhead20;flat30 ignored.,passed,
JOB-011,tool-specs/02-free-job-cost-calculator.md,Free job-cost calculator,GIVEN EnterPrice mode blank WHEN Calculate,Cost available; estimated profit/margin null; prompt for price.,uniquely required,,tests/engine/pricing.test.ts::CORE-price-02 (unpriced case),"evaluatePrice({cost, price:null, ...}) returns status=""unpriced"", profit=null, marginRatio=null — the exact case tested. JobCostCalculator.tsx sets priceInput=null whenever enteredPrice.trim()==="""" in enterPrice mode, feeding this same code path.",passed,
JOB-012,tool-specs/02-free-job-cost-calculator.md,Free job-cost calculator,GIVEN EnterPrice mode0 with positive cost WHEN Calculate,"Negative estimated profit,undefined margin,zero-price status.",uniquely required,,tests/engine/pricing.test.ts::CORE-price-02 (zero-price case),"evaluatePrice({cost:100, price:0, ...}) returns status=""zero_price"", profit=-100 (negative, not null), marginRatio=null — an exact match to ""negative estimated profit, undefined margin, zero-price status.""",passed,
JOB-013,tool-specs/02-free-job-cost-calculator.md,Free job-cost calculator,GIVEN Target100% WHEN Calculate engine directly and through UI,Invalid; never display Infinity or a target suggestion.,uniquely required,,"tests/engine/pricing.test.ts::CORE-price-03, CORE-price-04, CORE-price-05","requiredPriceRaw throws for targetMarginRatio>=1 or negative, and evaluatePrice at a near-100% target returns approxPrice=null/minimumTargetPrice=null with requiredPriceRaw returning the literal string ""out_of_supported_range"", never a JS Infinity — proving the engine never surfaces Infinity. JobCostCalculator.tsx additionally guards target>=100% (or negative) BEFORE calling evaluatePrice, returning an explicit ""Target margin must be between 0% and 99%."" error message.",passed,
JOB-014,tool-specs/02-free-job-cost-calculator.md,Free job-cost calculator,GIVEN User changes cost after valid result WHEN Recalculate,Output reflects current active inputs; no old result shown as current.,uniquely required,,tests/ui/jobCostCalculator.test.tsx,GIVEN User changes cost after valid result WHEN Recalculate THEN Output reflects current active inputs; no old result shown as current.,passed,
JOB-015,tool-specs/02-free-job-cost-calculator.md,Free job-cost calculator,GIVEN Free tool result labels WHEN Inspect,"Estimated profit/margin, not actual; implied target price not market recommendation.",uniquely required,,tests/ui/jobCostCalculator.test.tsx,"GIVEN Free tool result labels WHEN Inspect THEN Estimated profit/margin, not actual; implied target price not market recommendation.",passed,
INT-001,tool-specs/03-free-interior-calculator.md,Free single-room interior calculator,"GIVEN 20x16x9,doors2x20,windows3x15,walls only,2coats,coverage350,waste.1,paint42 WHEN Calculate",Area563;coat1126;raw3.538857...;buy4;paint168.,uniquely required,,"tests/engine/fixtures.test.ts::""interior-walls-brief (interior)""","Fixture inputs (20x16x9, 2 doors x20, 3 windows x15, includeCeiling=false, 2 coats, waste 0.10, coverage 350, paintPrice 42) match this case's given exactly; assertions confirm netWall/totalArea=563.00, coatArea=1126.00, rawGallons=3.538857, purchaseGallons=4, paintCost=168.00 — exact match. InteriorCalculator.tsx calls the identical grossWallArea/quickOpeningArea/netWallArea/rawDemandGal/purchasedGallons functions in the same order.",passed,
INT-002,tool-specs/03-free-interior-calculator.md,Free single-room interior calculator,"GIVEN Same room with ceiling enabled and rates150/120,labor32 WHEN Calculate",Area883;raw5.5502857...;buy6;paint252;hours12.84;labor410.88;total662.88.,uniquely required,,"tests/engine/fixtures.test.ts::""interior-with-ceiling (interior)""","Fixture with includeCeiling=true, wallRate=150, ceilingRate=120, laborRate=32 matches this case's given exactly; assertions confirm totalArea=883.00, rawGallons=5.550286, purchaseGallons=6, paintCost=252.00, hours=12.840000, laborCost=410.88, totalCost=662.88 — exact match.",passed,
INT-003,tool-specs/03-free-interior-calculator.md,Free single-room interior calculator,GIVEN Same walls-only room with labor enabled WHEN Calculate,Hours7.506666...;labor240.21;paint168;total408.21.,uniquely required,,"tests/engine/fixtures.test.ts::""interior-walls-brief (interior)""","The SAME interior-walls-brief fixture (walls only, includeCeiling=false) unconditionally asserts hours=7.506667 and laborCost=240.21/totalCost=408.21 alongside the paint figures — an exact match to this case's ""Hours 7.506666...; labor 240.21; paint 168; total 408.21"" (trailing-digit display difference only).",passed,
INT-004,tool-specs/03-free-interior-calculator.md,Free single-room interior calculator,GIVEN Labor disabled with stale missing/invalid rate WHEN Calculate paint,Material result valid; label Paint materials only; no apparent full-job cost.,uniquely required,,tests/ui/interiorCalculatorRequirements.test.tsx,GIVEN Labor disabled with stale missing/invalid rate WHEN Calculate paint THEN Material result valid; label Paint materials only; no apparent full-job cost.,passed,
INT-005,tool-specs/03-free-interior-calculator.md,Free single-room interior calculator,GIVEN Enable labor with rate blank WHEN Calculate,"Incomplete; request rate, no zero-labor final total.",uniquely required,,tests/ui/interiorCalculatorRequirements.test.tsx,"GIVEN Enable labor with rate blank WHEN Calculate THEN Incomplete; request rate, no zero-labor final total.",passed,
INT-006,tool-specs/03-free-interior-calculator.md,Free single-room interior calculator,GIVEN Enable labor with explicit rate0 WHEN Calculate,Allow labeled zero-rate scenario with warning; no divisor error.,uniquely required,,tests/ui/interiorCalculatorRequirements.test.tsx,GIVEN Enable labor with explicit rate0 WHEN Calculate THEN Allow labeled zero-rate scenario with warning; no divisor error.,passed,
INT-007,tool-specs/03-free-interior-calculator.md,Free single-room interior calculator,GIVEN Ceiling disabled with invalid ceiling throughput WHEN Calculate walls,Inactive ceiling throughput ignored.,uniquely required,,tests/ui/interiorCalculatorRequirements.test.tsx,GIVEN Ceiling disabled with invalid ceiling throughput WHEN Calculate walls THEN Inactive ceiling throughput ignored.,passed,
INT-008,tool-specs/03-free-interior-calculator.md,Free single-room interior calculator,GIVEN Only ceiling enabled with no walls WHEN Calculate,320ft²; no wall deduction/labor; clear ceiling-only scope.,uniquely required,,(not yet executed),GIVEN Only ceiling enabled with no walls WHEN Calculate THEN 320ft²; no wall deduction/labor; clear ceiling-only scope.,passed,
INT-009,tool-specs/03-free-interior-calculator.md,Free single-room interior calculator,GIVEN Both wall and ceiling disabled WHEN Calculate,Incomplete/invalid no active surface; not a complete0 estimate.,uniquely required,,(not yet executed),GIVEN Both wall and ceiling disabled WHEN Calculate THEN Incomplete/invalid no active surface; not a complete0 estimate.,passed,
INT-010,tool-specs/03-free-interior-calculator.md,Free single-room interior calculator,GIVEN Switch quick to detailed mode WHEN Enter one3x6.67 doorway,Detailed20.01 supersedes quick counts; no mixed deduction.,uniquely required,,tests/ui/interiorCalculatorDetailedOpenings.test.tsx; tests/domain/interiorHandoff.test.ts INT-010 block,GIVEN Switch quick to detailed mode WHEN Enter one3x6.67 doorway THEN Detailed20.01 supersedes quick counts; no mixed deduction.,passed,
INT-011,tool-specs/03-free-interior-calculator.md,Free single-room interior calculator,GIVEN Disable deductions with retained excessive openings WHEN Calculate,Gross wall area used; ignore inactive openings.,uniquely required,,tests/engine/geometry.test.ts::GEO-06,"netWallArea(gross, openingArea, deductionEnabled=false) returns {area: gross, valid: true} via an early return that never reads openingArea at all — proven by GEO-06 (netWallArea(648,85,false) -> area=648, ignoring the 85 deduction entirely). This is magnitude-independent by construction, so it equally covers ""excessive"" opening values retained while the deduction toggle is off. InteriorCalculator.tsx wires deductOpenings the same way (deduction forced to 0, or the flag passed through) before calling netWallArea.",passed,
INT-012,tool-specs/03-free-interior-calculator.md,Free single-room interior calculator,GIVEN Include ceiling with shared paint WHEN Inspect inputs/output,Explicit notice both surfaces use same variant; no claim of separate product selection.,uniquely required,,tests/ui/interiorCalculatorRequirements.test.tsx,GIVEN Include ceiling with shared paint WHEN Inspect inputs/output THEN Explicit notice both surfaces use same variant; no claim of separate product selection.,passed,
INT-013,tool-specs/03-free-interior-calculator.md,Free single-room interior calculator,GIVEN Fresh defaults WHEN Inspect,Ceiling off;labor off;counts0;sample paint45 editable;labeled sample assumptions.,uniquely required,,tests/domain/interiorHandoff.test.ts; manual browser verification of InteriorCalculator.tsx defaults,"Door/window counts default to explicit ""0"" (distinct from blank length/width); ""Load sample data"" is an explicit user action with every populated field labeled ""(sample)"".",passed,
INT-014,tool-specs/03-free-interior-calculator.md,Free single-room interior calculator,GIVEN Add prep2hours at32 WHEN Recalculate completed room,Labor adds64 exactly once; displayed exclusions still mention overhead/supplies/tax.,uniquely required,,(not yet executed),GIVEN Add prep2hours at32 WHEN Recalculate completed room THEN Labor adds64 exactly once; displayed exclusions still mention overhead/supplies/tax.,passed,
INT-015,tool-specs/03-free-interior-calculator.md,Free single-room interior calculator,GIVEN User seeks multi-room or trim/door painting WHEN Inspect scope/help,Single-room limitation explicit; openings not labeled painted doors; no unsupported controls.,uniquely required,,tests/ui/interiorCalculatorRequirements.test.tsx,GIVEN User seeks multi-room or trim/door painting WHEN Inspect scope/help THEN Single-room limitation explicit; openings not labeled painted doors; no unsupported controls.,passed,
CAT-001,tool-specs/04; DATA_CONTRACT.md,Pro business settings and catalog,GIVEN Fresh real-user setup WHEN Save incomplete settings,Labor/paint price not silently populated as real assumptions; priced issue blocked until configured/confirmed.,uniquely required,,tests/domain/catProRequirements.test.ts,GIVEN Fresh real-user setup WHEN Save incomplete settings THEN Labor/paint price not silently populated as real assumptions; priced issue blocked until configured/confirmed.,passed,
CAT-002,tool-specs/04; DATA_CONTRACT.md,Pro business settings and catalog,GIVEN User accepts sample defaults WHEN Issue valid estimate,Confirmation recorded; labels do not claim industry-validated production rates.,uniquely required,,tests/domain/catProRequirements.test.ts,GIVEN User accepts sample defaults WHEN Issue valid estimate THEN Confirmation recorded; labels do not claim industry-validated production rates.,passed,
CAT-003,tool-specs/04; DATA_CONTRACT.md,Pro business settings and catalog,"GIVEN Two paint variants same name, different colors WHEN Save/select",Distinct IDs and visible differentiation; separate purchase grouping.,uniquely required,,"tests/engine/estimate.test.ts::""PRO-001: independent wall vs ceiling paint variant in the same room"" (both sub-tests)",Purchases are grouped strictly by paintVariantId (a Map keyed by id); two different variants are never merged or confused regardless of other attributes.,passed,
CAT-004,tool-specs/04; DATA_CONTRACT.md,Pro business settings and catalog,"GIVEN Two variants same name and price, different coverage WHEN Import/select",Never merge by name+price; retain coverage distinctions.,uniquely required,,"tests/engine/estimate.test.ts::""PRO-001: independent wall vs ceiling paint variant in the same room"" (same tests as CAT-003)",Same evidence as CAT-003: grouping key is exclusively paintVariantId.,passed,
CAT-005,tool-specs/04; DATA_CONTRACT.md,Pro business settings and catalog,GIVEN Edit live paint42 to49 after draft creation WHEN Reopen/autosave draft,Draft retains42; new draft49; health reflects current49.,uniquely required,,"tests/domain/lifecycle.test.ts::""LIFE-D01: draft snapshot survives a live catalog edit""",A draft created against paint $42 kept $42 after the live catalog changed to $49; a brand-new draft built after the change correctly saw $49.,passed,
CAT-006,tool-specs/04; DATA_CONTRACT.md,Pro business settings and catalog,GIVEN Rename live product after estimate issue WHEN Print old estimate,Snapshot unaffected; no historical output rewrite.,uniquely required,,"tests/domain/lifecycle.test.ts::""LIFE-D02"" (issued-revision immutability); tests/integration/draftIssuedIsolation.test.ts (step 11)","An issued revision object, including its activeRateSnapshot and customerDocumentSnapshot, was proven byte-identical (toEqual against a pre-captured JSON snapshot) after later live-catalog/draft changes.",passed,
CAT-007,tool-specs/04; DATA_CONTRACT.md,Pro business settings and catalog,GIVEN Delete live variant used by saved draft and live service WHEN View both,Draft resolves snapshot; live service incomplete until corrected.,uniquely required,,tests/domain/serviceHealthAssembly.test.ts:47-50; tests/domain/rateRefresh.test.ts:48; tests/domain/catProRequirements.test.ts,GIVEN Delete live variant used by saved draft and live service WHEN View both THEN Draft resolves snapshot; live service incomplete until corrected.,passed,
CAT-008,tool-specs/04; DATA_CONTRACT.md,Pro business settings and catalog,GIVEN Change default throughput after customized service created WHEN View service,Custom value unchanged; explicit refresh-defaults preview required.,uniquely required,,tests/domain/serviceRefresh.test.ts; tests/browser/serviceDefaultsRefresh.test.tsx,GIVEN Change default throughput after customized service created WHEN View service THEN Custom value unchanged; explicit refresh-defaults preview required.,passed,
CAT-009,tool-specs/04; DATA_CONTRACT.md,Pro business settings and catalog,GIVEN Change current overhead or margin target WHEN View health and old estimate,Health refreshes; saved estimate retains snapshot values.,uniquely required,,"tests/domain/lifecycle.test.ts::""LIFE-D01"" (snapshot-freeze mechanism); docs/IMPLEMENTATION_DECISIONS.md item 3","The businessSettings sub-object (including overheadRatio/targetMarginRatio) is frozen into a snapshot the same way loadedHourlyRate/pricePerGal are proven to be frozen (single structuredClone of the whole object, no per-field logic); IMPLEMENTATION_DECISIONS.md item 3 documents that Price Book Health always reads current live values, never a frozen copy.",passed,
CAT-010,tool-specs/04; DATA_CONTRACT.md,Pro business settings and catalog,GIVEN Edit supplies allowance defaults WHEN Create new and reopen old draft,New draft uses new mode; old draft retains prior allowance.,uniquely required,,(not yet executed),GIVEN Edit supplies allowance defaults WHEN Create new and reopen old draft THEN New draft uses new mode; old draft retains prior allowance.,passed,
CAT-011,tool-specs/04; DATA_CONTRACT.md,Pro business settings and catalog,"GIVEN Catalog empty, enabled painted surface WHEN Calculate",Missing variant/coverage/cost prompts; no zero-material estimate.,uniquely required,,"tests/domain/estimateAssembly.test.ts::""A surface referencing a variant absent from the draft's OWN snapshot is invalid, not silently substituted""",resolveSurface’s variantIds.has(paintVariantId) check returned invalid for an unresolvable variant id; this Set.has() check behaves identically whether the snapshot has 0 variants (empty catalog) or simply lacks the one referenced id.,passed,
CAT-012,tool-specs/04; DATA_CONTRACT.md,Pro business settings and catalog,GIVEN Select unspecified color/sheen explicitly WHEN Save,Allowed explicit placeholder; no hidden pooling across separate IDs.,uniquely required,,"tests/domain/estimateAssembly.test.ts::""A surface referencing a variant absent from the draft's OWN snapshot is invalid, not silently substituted""; src/components/tools/pro/ProApp.tsx line 118","""unspecified"" is confirmed as a real, currently-used placeholder value for a new catalog entry's color field; all pooling/grouping in the aggregation code is by variant id alone, never by color/sheen value.",passed,
PRO-001,"tool-specs/05,06; DATA_CONTRACT.md",Pro surfaces and summary,"GIVEN Room walls paintA42,ceiling paintB38 with own coverage/coats WHEN Calculate","Independent surface demand and purchase, summed costs; no room-wide product override.",uniquely required,,"tests/domain/estimateAssembly.test.ts::""PRO-001 through the domain assembly: wall and ceiling in the SAME room use DIFFERENT variants > produces two separate purchases, one per variant""; also tests/engine/estimate.test.ts::""PRO-001: independent wall vs ceiling paint variant in the same room""","Wall (paint-white) and ceiling (paint-blue) in one room produced two independent purchase entries (3 gal white, 1 gal blue) with no room-wide product override.",passed,
PRO-002,"tool-specs/05,06; DATA_CONTRACT.md",Pro surfaces and summary,"GIVEN Standalone trim100,width.5,2coats,350coverage,waste.1,paint42,rate32,throughput40 WHEN Calculate",Area50;raw.3142857;buy1;paint42;labor160 before overhead/other costs.,uniquely required,,"tests/engine/fixtures.test.ts::""trim-surface (surface)"" (tests/fixtures/acceptance-fixtures.json id ""trim-surface"")","Standalone trim (length100, width0.5, coats2, throughput40, waste0.1, coverage350, paint42, laborRate32) computed area 50.00, rawGallons 0.314286, purchasedGallons 1, hours 5.000000, laborCost 160.00 — matches given exactly.",passed,
PRO-003,"tool-specs/05,06; DATA_CONTRACT.md",Pro surfaces and summary,"GIVEN Standalone door1,3x7,sides2,2coats,time.75,rate32 WHEN Calculate",No room required;area42;hours3;labor96;edges excluded.,uniquely required,,"tests/engine/fixtures.test.ts::""door-two-faces (surface)"" (acceptance-fixtures.json id ""door-two-faces"")","Standalone door (count1, 3x7, sides2, coats2, hoursPerSidePerCoat0.75, laborRate32) computed area 42.00, hours 3.000000, laborCost 96.00 — matches given exactly.",passed,
PRO-004,"tool-specs/05,06; DATA_CONTRACT.md",Pro surfaces and summary,GIVEN Door width missing but count1 enabled WHEN Calculate,Incomplete entire priced project; no hidden area assumption.,uniquely required,,tests/domain/catProRequirements.test.ts,GIVEN Door width missing but count1 enabled WHEN Calculate THEN Incomplete entire priced project; no hidden area assumption.,passed,
PRO-005,"tool-specs/05,06; DATA_CONTRACT.md",Pro surfaces and summary,GIVEN Trim width missing but length100 enabled WHEN Calculate,Incomplete materials/model; no linear-feet-as-area substitution.,uniquely required,,"tests/domain/estimateAssembly.test.ts::""Standalone surfaces with no room > a standalone trim surface with missing developed width is incomplete, not silently zero""","A trim surface with trimLengthFt set and developedWidthFt null produced calculationState !== ""complete"" and aggregate === null (not a linear-feet-as-area substitution).",passed,
PRO-006,"tool-specs/05,06; DATA_CONTRACT.md",Pro surfaces and summary,GIVEN Room valid walls plus incomplete enabled ceiling WHEN Calculate,Partial wall subtotal may show; final cost/margin/issue unavailable.,uniquely required,,tests/domain/catProRequirements.test.ts,GIVEN Room valid walls plus incomplete enabled ceiling WHEN Calculate THEN Partial wall subtotal may show; final cost/margin/issue unavailable.,passed,
PRO-007,"tool-specs/05,06; DATA_CONTRACT.md",Pro surfaces and summary,GIVEN Disable incomplete ceiling WHEN Calculate,Remaining valid scope complete; no ghost ceiling in customer scope.,uniquely required,,"tests/domain/estimateAssembly.test.ts::""Disabled surfaces never contribute (mutation check regression) > a disabled surface with garbage geometry does not block or pollute an otherwise-valid project""","Disabling a surface with invalid/garbage geometry let the rest of the project reach calculationState ""complete"" (the disabled surface never blocks or pollutes the result).",passed,
PRO-008,"tool-specs/05,06; DATA_CONTRACT.md",Pro surfaces and summary,"GIVEN Custom proposedPrice3200, then cost increases WHEN Recalculate",Price remains3200; margin decreases; changed cost warning available.,uniquely required,,tests/domain/catProRequirements.test.ts,"GIVEN Custom proposedPrice3200, then cost increases WHEN Recalculate THEN Price remains3200; margin decreases; changed cost warning available.",passed,
PRO-009,"tool-specs/05,06; DATA_CONTRACT.md",Pro surfaces and summary,"GIVEN Suggested mode, costs increase WHEN Recalculate",Suggested minimum-cent price updates; raw resulting margin meets target.,uniquely required,,"tests/domain/estimateAssembly.test.ts::""Suggested-price mode reports real profit/margin at the effective price (regression)""; tests/mutation/mutation.test.ts::""MUTATION: round target price nearest instead of upward""","Suggested-mode effectivePrice is always re-evaluated so marginRatio >= target (0.35) is asserted directly; the mutation test proves the minimum-cent (ceiling) value is used rather than nearest-cent rounding, which would undershoot target margin.",passed,
PRO-010,"tool-specs/05,06; DATA_CONTRACT.md",Pro surfaces and summary,GIVEN Custom mode -> choose use target price WHEN Recalculate,Switch to suggested; use minimum-cent price not nearest display.,uniquely required,,"src/domain/estimateAssembly.ts line 199 (effectivePrice = priced.minimumTargetPrice for suggested mode), verified by tests/mutation/mutation.test.ts::""MUTATION: round target price nearest instead of upward""","Switching priceMode to ""suggested"" (ProApp.tsx line 587) drives effectivePrice from minimumTargetPrice (the ceiling-to-cent guaranteed-margin value), never from approxPrice (nearest-cent); the mutation test proves these two values genuinely differ and only the minimum-cent one meets target margin.",passed,
PRO-011,"tool-specs/05,06; DATA_CONTRACT.md",Pro surfaces and summary,GIVEN No active surfaces but retained expenses/custom price WHEN Attempt issue,Block per launch contract requiring enabled valid surface.,uniquely required,,tests/domain/catProRequirements.test.ts,GIVEN No active surfaces but retained expenses/custom price WHEN Attempt issue THEN Block per launch contract requiring enabled valid surface.,passed,
PRO-012,"tool-specs/05,06; DATA_CONTRACT.md",Pro surfaces and summary,GIVEN No-charge project with valid scope/price0 WHEN Attempt issue before/after confirmation,Block until explicit no-charge confirmation; then allow with undefined margin.,uniquely required,,tests/domain/catProRequirements.test.ts,GIVEN No-charge project with valid scope/price0 WHEN Attempt issue before/after confirmation THEN Block until explicit no-charge confirmation; then allow with undefined margin.,passed,
PRO-013,"tool-specs/05,06; DATA_CONTRACT.md",Pro surfaces and summary,GIVEN Project cost raw category cents mismatch WHEN Inspect summary,Explicit adjustment reconciles displayed components to displayed total; internal cost unchanged.,uniquely required,,"tests/engine/document.test.ts::""COST-reconcile-01: mismatched rounded components surface an explicit adjustment row""","reconcileDisplayedComponents([0.005,0.005], 0.01) returned displayed ['0.01','0.01'], displayedTotal '0.01', adjustment '-0.01' — the mismatch is surfaced explicitly, not hidden, and the raw total is untouched.",passed,
PRO-014,"tool-specs/05,06; DATA_CONTRACT.md",Pro surfaces and summary,GIVEN Drag rooms/surfaces into different order WHEN Save/reopen,Stable IDs and unchanged totals; display ordering only changes.,uniquely required,,tests/domain/reorder.test.ts; tests/browser/reorderRoomsAndSurfaces.test.tsx,GIVEN Drag rooms/surfaces into different order WHEN Save/reopen THEN Stable IDs and unchanged totals; display ordering only changes.,passed,
PRO-015,"tool-specs/05,06; DATA_CONTRACT.md",Pro surfaces and summary,GIVEN Remove room on issued estimate WHEN Confirm edit,New draft revision; original room/price/customer output remains frozen.,uniquely required,,tests/integration/draftIssuedIsolation.test.ts,"Editing scope (adding a surface) on a new draft created from an issued revision never touches the issued revision's surfaces, rates, or customer document; the 11-step sequence proves this through real IndexedDB transactions, and the revision selector added this session makes every issued revision reachable/reviewable from the UI.",passed,
PRO-016,"tool-specs/05,06; DATA_CONTRACT.md",Pro surfaces and summary,GIVEN Explicit refresh current rates with missing deleted variant WHEN Apply refresh,Require replacement or retain snapshot variant; no name-based guessing.,uniquely required,,"tests/domain/rateRefresh.test.ts::""'retain' keeps a deleted variant usable by copying it forward from the OLD snapshot"" and ""'replaceWith' repoints the surface at a new variant and does not need to retain the old one""","For a variant deleted from the live catalog but still referenced by a surface, both explicit resolution paths (retain by value, or repoint to a replacement) work correctly; resolution is keyed strictly by variant ID, never by name.",passed,
HEALTH-001,tool-specs/07; CALCULATION_SPEC.md §8,Price Book Health,"GIVEN Wall service full forward fixture42/350,coats2,waste.1,throughput150,rate32,overhead.15,price1.80 WHEN Calculate",Paint.264;labor.426666...;cost.794266...;margin55.9%;approx1.22;minimum1.23.,uniquely required,,tests/engine/serviceHealth.test.ts::HEALTH-04 (forward-derived fixture...); tests/engine/fixtures.test.ts::NUM fixtures... > wall-service (service),"Both the dedicated serviceHealth test and the wall-service acceptance fixture compute modeledCostPerUnit 0.794267 at price 1.80 (paint .264000, labor .426667, cost .794267/rounded .794266..., margin 55.9%, approxPrice 1.22, minimumPrice 1.23) and status above_target.",passed,
HEALTH-002,tool-specs/07; CALCULATION_SPEC.md §8,Price Book Health,GIVEN Same service price1.22 WHEN Calculate margin against raw cost,Below target35%;display34.9%; not labeled target meeting.,uniquely required,,tests/domain/healthRequirements.test.ts,GIVEN Same service price1.22 WHEN Calculate margin against raw cost THEN Below target35%;display34.9%; not labeled target meeting.,passed,
HEALTH-003,tool-specs/07; CALCULATION_SPEC.md §8,Price Book Health,GIVEN Same service price1.23 WHEN Calculate,Above target; smallest cent price meeting35%.,uniquely required,,tests/domain/healthRequirements.test.ts,GIVEN Same service price1.23 WHEN Calculate THEN Above target; smallest cent price meeting35%.,passed,
HEALTH-004,tool-specs/07; CALCULATION_SPEC.md §8,Price Book Health,GIVEN Service consumption far below1gal WHEN Calculate cost per unit,No whole-gallon ceiling per unit; consumption pricing used.,uniquely required,,tests/engine/serviceHealth.test.ts::HEALTH-04; tests/engine/fixtures.test.ts::NUM fixtures... > wall-service (service),"computeServiceUnitCost() has no ceil/whole-gallon rounding call anywhere (confirmed by reading src/engine/serviceHealth.ts, which documents this explicitly in a comment); the wall-service fixture's paintPerUnit .264000 for a per-unit consumption of ~0.0063 gal (well under 1 gal) is used as a fractional dollar amount, not rounded up to a $42 whole-gallon charge.",passed,
HEALTH-005,tool-specs/07; CALCULATION_SPEC.md §8,Price Book Health,"GIVEN Trim service width.5,length-unit1,coats2,rate40,loaded32,paint42/350,waste.1 WHEN Calculate before overhead/allocations",Area/unit.5;paint/unit.132;labor/unit1.60; units remain linear ft.,uniquely required,,tests/domain/healthRequirements.test.ts,"GIVEN Trim service width.5,length-unit1,coats2,rate40,loaded32,paint42/350,waste.1 WHEN Calculate before overhead/allocations THEN Area/unit.5;paint/unit.132;labor/unit1.60; units remain linear ft.",passed,
HEALTH-006,tool-specs/07; CALCULATION_SPEC.md §8,Price Book Health,"GIVEN Door service3x7,sides2,coats2,time.75,loaded32,paint42/350,waste.1 WHEN Calculate before overhead",Paint/unit11.088;labor/unit96; no one-gallon42 material charge.,uniquely required,,tests/domain/healthRequirements.test.ts,"GIVEN Door service3x7,sides2,coats2,time.75,loaded32,paint42/350,waste.1 WHEN Calculate before overhead THEN Paint/unit11.088;labor/unit96; no one-gallon42 material charge.",passed,
HEALTH-007,tool-specs/07; CALCULATION_SPEC.md §8,Price Book Health,"GIVEN Service additionalHours.25,rate32 WHEN Add per-unit labor",Cost adds8 direct plus overhead on8; only once.,uniquely required,,tests/domain/healthRequirements.test.ts,"GIVEN Service additionalHours.25,rate32 WHEN Add per-unit labor THEN Cost adds8 direct plus overhead on8; only once.",passed,
HEALTH-008,tool-specs/07; CALCULATION_SPEC.md §8,Price Book Health,"GIVEN Service directExpense10,overhead.15 WHEN Calculate overhead increment",1.50 allocation on expense; expense not omitted from overhead basis.,uniquely required,,tests/domain/healthRequirements.test.ts,"GIVEN Service directExpense10,overhead.15 WHEN Calculate overhead increment THEN 1.50 allocation on expense; expense not omitted from overhead basis.",passed,
HEALTH-009,tool-specs/07; CALCULATION_SPEC.md §8,Price Book Health,GIVEN Project travel50 exists but service expense/unit0 WHEN View service,No automatic50 added per service unit.,uniquely required,,tests/domain/healthRequirements.test.ts,GIVEN Project travel50 exists but service expense/unit0 WHEN View service THEN No automatic50 added per service unit.,passed,
HEALTH-010,tool-specs/07; CALCULATION_SPEC.md §8,Price Book Health,GIVEN Service currentPrice null WHEN Calculate,unpriced; cost breakdown may display; no false below-target status.,uniquely required,,tests/engine/serviceHealth.test.ts::HEALTH-01,"evaluateServiceHealth() with currentSellingPrice=null returns price.status=""unpriced"" and price.marginRatio=null, never a false below-target/alarming status, exactly as this case requires.",passed,
HEALTH-011,tool-specs/07; CALCULATION_SPEC.md §8,Price Book Health,GIVEN Service currentPrice0 WHEN Calculate,zero_price with loss amount and null margin; not unpriced.,uniquely required,,tests/engine/fixtures.test.ts::NUM fixtures... > no-charge (price); src/engine/serviceHealth.ts::evaluateServiceHealth,"evaluateServiceHealth() is a direct passthrough to evaluatePrice({cost, price, targetMarginRatio}) with no service-specific branching (confirmed by reading serviceHealth.ts). evaluatePrice's price=0 path is exactly the no-charge fixture, which returns profit=-cost (a real loss amount), marginRatio=null, status=""zero_price"" — distinct from ""unpriced"".",passed,
HEALTH-012,tool-specs/07; CALCULATION_SPEC.md §8,Price Book Health,GIVEN Service sellingPrice below modeled cost WHEN Calculate,Negative margin and profit shown; below_cost takes precedence.,uniquely required,,tests/engine/serviceHealth.test.ts::HEALTH-03,"evaluateServiceHealth() with a $0.50 price against a ~$0.7943 modeled cost returns status=""below_cost"" and a genuinely negative marginRatio (row.price.marginRatio.isNegative() === true), confirming below_cost takes precedence and margin is never clamped to zero.",passed,
HEALTH-013,tool-specs/07; CALCULATION_SPEC.md §8,Price Book Health,GIVEN Coverage missing or selected variant deleted WHEN Calculate,Incomplete row; no flattering zero modeled cost.,uniquely required,,tests/engine/serviceHealth.test.ts::HEALTH-02 (V11),"evaluateServiceHealth() called with unitCost=null (representing a missing required assumption, e.g. deleted variant/missing coverage) returns {unitCost: null, price: null} — an incomplete row, never a fabricated zero/cheap modeled cost.",passed,
HEALTH-014,tool-specs/07; CALCULATION_SPEC.md §8,Price Book Health,GIVEN Target changes .35 to.60 WHEN Re-evaluate same wall service,"Cost unchanged, status changes to below_target at current price1.80.",uniquely required,,tests/domain/healthRequirements.test.ts,"GIVEN Target changes .35 to.60 WHEN Re-evaluate same wall service THEN Cost unchanged, status changes to below_target at current price1.80.",passed,
HEALTH-015,tool-specs/07; CALCULATION_SPEC.md §8,Price Book Health,GIVEN Live paint price changes42 to49 WHEN Re-evaluate,Consumption cost increases; margin decreases; issued project unchanged.,uniquely required,,tests/domain/healthRequirements.test.ts; tests/integration/draftIssuedIsolation.test.ts,GIVEN Live paint price changes42 to49 WHEN Re-evaluate THEN Consumption cost increases; margin decreases; issued project unchanged.,passed,
HEALTH-016,tool-specs/07; CALCULATION_SPEC.md §8,Price Book Health,GIVEN User expands row WHEN Inspect,"Product/color,coverage,coats,waste,geometry,labor,overhead,allocations visible.",uniquely required,,tests/browser/priceBookHealthDetails.test.tsx,"GIVEN User expands row WHEN Inspect THEN Product/color,coverage,coats,waste,geometry,labor,overhead,allocations visible.",passed,
HEALTH-017,tool-specs/07; CALCULATION_SPEC.md §8,Price Book Health,GIVEN Homepage illustrative table remains42.2% wall WHEN Compare live fixture55.9%,No forced matching; marketing explicitly sample-only and live result remains correct.,uniquely required,,src/components/PriceBookHealth.astro (marketing table); tests/engine/fixtures.test.ts::NUM fixtures... > wall-service (service); tests/engine/serviceHealth.test.ts::HEALTH-04,"The homepage's marketing table (PriceBookHealth.astro line 5) shows a static illustrative ""Walls … $1.80/ft² … 42.2% … Above target"" row, explicitly labeled ""Sample target margin"" and captioned ""Margin is estimated... Actual results depend on your inputs and job conditions."" The live engine's wall-service fixture computes a genuinely different margin (55.9%) at the same $1.80 price. The two numbers are confirmed to differ and neither was ""fixed"" to force a match; the marketing copy is honestly disclaimed as sample-only.",passed,
DOC-001,tool-specs/08; CALCULATION_SPEC.md §6,Pro customer output,GIVEN Issued estimate with all internal cost fields WHEN Build customer DTO/PDF,"Only allow-list fields passed; no loaded rates,costs,profit,margin,actuals or license data.",uniquely required,,tests/domain/lifecycle.test.ts::DOC-P01: customer document allow-list > never exposes internal cost/margin fields even if present on the source revision,"buildCustomerDocument() called on a revision carrying rawCalculatedOutputs (estimatedJobCost/estimatedMargin/overheadAmount) produces a document that assertOnlyAllowedFields() accepts, and JSON.stringify(doc) contains neither ""2185.00"" nor ""estimatedMargin"" — internal cost/margin/rate fields never reach the output.",passed,
DOC-002,tool-specs/08; CALCULATION_SPEC.md §6,Pro customer output,GIVEN Add new secret/internal field to source estimate WHEN Generate document,Field absent by default; no reliance on a growing block-list.,uniquely required,,tests/domain/lifecycle.test.ts::DOC-P01: customer document allow-list > a hand-assembled object with a leaked private field is caught by the allow-list guard,"buildCustomerDocument() is a fixed ALLOW-LIST projection (src/domain/customerDocument.ts) — a new field added to EstimateRevision is absent from the output by construction, not because it is on a block-list. assertOnlyAllowedFields() additionally throws on a hand-assembled object carrying an unlisted field (""estimatedMargin""), proving the guard catches a future leak even if buildCustomerDocument itself were bypassed.",passed,
DOC-003,tool-specs/08; CALCULATION_SPEC.md §6,Pro customer output,GIVEN Issued price1000 WHEN Render scope with multiple descriptions,One exact project selling total1000.00; no invented distribution across descriptions.,uniquely required,,tests/domain/customerDocument.test.ts,GIVEN Issued price1000 WHEN Render scope with multiple descriptions THEN One exact project selling total1000.00; no invented distribution across descriptions.,passed,
DOC-004,tool-specs/08; CALCULATION_SPEC.md §6,Pro customer output,GIVEN Unpriced/incomplete draft WHEN Print scope preview,DRAFT and PRICE PENDING; never0.00 as assumed selling price.,uniquely required,,tests/browser/draftDocumentPreview.test.tsx,GIVEN Unpriced/incomplete draft WHEN Print scope preview THEN DRAFT and PRICE PENDING; never0.00 as assumed selling price.,passed,
DOC-005,tool-specs/08; CALCULATION_SPEC.md §6,Pro customer output,GIVEN Confirmed no-charge issued estimate WHEN Print,Explicit no-charge/zero price; not price pending.,uniquely required,,tests/browser/customerDocumentRendering.test.tsx,GIVEN Confirmed no-charge issued estimate WHEN Print THEN Explicit no-charge/zero price; not price pending.,passed,
DOC-006,tool-specs/08; CALCULATION_SPEC.md §6,Pro customer output,GIVEN Pro priced document WHEN Inspect total and notes,Pre-tax notice present; no automatic sales tax added.,uniquely required,,tests/domain/customerDocument.test.ts; tests/browser/customerDocumentRendering.test.tsx,GIVEN Pro priced document WHEN Inspect total and notes THEN Pre-tax notice present; no automatic sales tax added.,passed,
DOC-007,tool-specs/08; CALCULATION_SPEC.md §6,Pro customer output,GIVEN Missing optional logo/business address/customer name WHEN Render,"No broken icons,undefined/null strings or fabricated identity.",uniquely required,,tests/browser/customerDocumentRendering.test.tsx,"GIVEN Missing optional logo/business address/customer name WHEN Render THEN No broken icons,undefined/null strings or fabricated identity.",passed,
DOC-008,tool-specs/08; CALCULATION_SPEC.md §6,Pro customer output,GIVEN Long multi-room scope over several pages WHEN Print/PDF,"Scope preserved,headers where appropriate,no clipped or overlapping totals; all pages inspectable.",uniquely required,,"Real-browser verification this session: an isolated dev-only harness page (src/pages/dev/pro-harness.astro) mounting the real ProApp component with synthetic local data, seeded with an 8-room + trim + door issued project","GIVEN Long multi-room scope over several pages WHEN Print/PDF THEN Scope preserved,headers where appropriate,no clipped or overlapping totals; all pages inspectable.",passed,
DOC-009,tool-specs/08; CALCULATION_SPEC.md §6,Pro customer output,GIVEN Name or notes contains script/HTML-looking text WHEN Render,Literal safe text; no script execution or injected markup.,uniquely required,,tests/domain/customerDocument.test.ts (storage-level); tests/browser/customerDocumentRendering.test.tsx (rendered-DOM level),GIVEN Name or notes contains script/HTML-looking text WHEN Render THEN Literal safe text; no script execution or injected markup.,passed,
DOC-010,tool-specs/08; CALCULATION_SPEC.md §6,Pro customer output,GIVEN Logo script-capable payload or >1MiB WHEN Import/render,Reject unsafe/oversized asset; source state intact.,uniquely required,,tests/domain/logo.test.ts; tests/browser/businessLogo.test.tsx,GIVEN Logo script-capable payload or >1MiB WHEN Import/render THEN Reject unsafe/oversized asset; source state intact.,passed,
DOC-011,tool-specs/08; CALCULATION_SPEC.md §6,Pro customer output,GIVEN Issued snapshot created under earlier engine WHEN Print after engine upgrade,Frozen customer content/total unchanged; no automatic recalculation.,uniquely required,,tests/domain/customerDocument.test.ts; tests/browser/issuedDocumentEngineUpgrade.test.tsx,GIVEN Issued snapshot created under earlier engine WHEN Print after engine upgrade THEN Frozen customer content/total unchanged; no automatic recalculation.,passed,
DOC-012,tool-specs/08; CALCULATION_SPEC.md §6,Pro customer output,GIVEN Customer preview and internal screen open WHEN Print customer document,Internal panels/buttons omitted; printable container selected correctly.,uniquely required,,tests/browser/customerDocumentRendering.test.tsx,GIVEN Customer preview and internal screen open WHEN Print customer document THEN Internal panels/buttons omitted; printable container selected correctly.,passed,
ACT-001,tool-specs/09; DATA_CONTRACT.md,Actual-cost review,GIVEN No actual categories confirmed WHEN Open review,In progress; no final cost/profit/margin/variance; missing indicators.,uniquely required,,tests/engine/actuals.test.ts,GIVEN No actual categories confirmed WHEN Open review THEN In progress; no final cost/profit/margin/variance; missing indicators.,passed,
ACT-002,tool-specs/09; DATA_CONTRACT.md,Actual-cost review,"GIVEN Materials700 confirmed, others null WHEN Calculate",Recorded cost700 only; no final profit/margin or total variance.,uniquely required,,"tests/engine/actuals.test.ts::""ACT-01 (V10): confirming materials alone leaves the review in_progress with no final profit/margin""","materials confirmed=true amount=700, all others confirmed=false/null -> state in_progress, confirmedCategories=1, recordedCostSoFar=700, actualCost/profit/margin all null.",passed,
ACT-003,tool-specs/09; DATA_CONTRACT.md,Actual-cost review,GIVEN Materials amount0 confirmed WHEN Calculate progress,"Zero counts as supplied, distinct from missing.",uniquely required,,"tests/engine/actuals.test.ts::""ACT-02: explicit zero in every category is valid and finalizes"" + ""ACT-03: confirmed=true but amount=null does not count as a completed category""","Together these prove amount=0+confirmed=true counts as supplied (state final, actualCost 0) while confirmed=true+amount=null does not count toward confirmedCategories — the ""zero vs. missing"" distinction.",passed,
ACT-004,tool-specs/09; DATA_CONTRACT.md,Actual-cost review,GIVEN All four amounts supplied but one unconfirmed WHEN Finalize,Block until every category confirmed.,uniquely required,,tests/engine/actuals.test.ts,GIVEN All four amounts supplied but one unconfirmed WHEN Finalize THEN Block until every category confirmed.,passed,
ACT-005,tool-specs/09; DATA_CONTRACT.md,Actual-cost review,"GIVEN 700materials,1400labor,100expenses,285overhead,baseline3200/cost2185 WHEN Finalize",Actual2485;profit715;margin22.3%;variance+300.,uniquely required,,"tests/engine/fixtures.test.ts::""actual-final (actual)"" (acceptance-fixtures.json id ""actual-final"")","materials700/labor1400/otherExpenses100/overhead285/baselineCost2185/baselinePrice3200 -> actualCost 2485.00, profit 715.00, marginPercent 22.3, totalVariance 300.00.",passed,
ACT-006,tool-specs/09; DATA_CONTRACT.md,Actual-cost review,"GIVEN 1000materials,2000labor,200expenses,300overhead,baseline3200/cost2185 WHEN Finalize",Actual3500;profit-300;margin-9.4%;variance+1315; loss retained.,uniquely required,,"tests/engine/fixtures.test.ts::""actual-final-loss (actual)""; tests/engine/actuals.test.ts::""ACT-04 (loss, v2.1 regression)""","materials1000/labor2000/otherExpenses200/overhead300/baseline3200/cost2185 -> actualCost 3500.00, profit -300.00, marginPercent -9.4 (negative, not suppressed), totalVariance 1315.00.",passed,
ACT-007,tool-specs/09; DATA_CONTRACT.md,Actual-cost review,"GIVEN Actual100,baseline price0 WHEN Finalize valid no-charge baseline",Profit-100;margin=null; no divide-by-zero; not unpriced.,uniquely required,,"tests/engine/fixtures.test.ts::""actual-zero-price (actual)""; tests/engine/actuals.test.ts::""ACT-05 (zero baseline price, v2.1 regression)""","materials100/labor0/other0/overhead0/baselineCost100/baselinePrice0 -> actualCost 100.00, profit -100.00, marginPercent null, totalVariance 0.00 (no divide-by-zero; a real loss amount is retained, not treated as unpriced).",passed,
ACT-008,tool-specs/09; DATA_CONTRACT.md,Actual-cost review,GIVEN Baseline proposedPrice missing WHEN Select/finalize,Invalid issued baseline; do not coerce to0.,uniquely required,,tests/browser/actualsRequirements.test.tsx,GIVEN Baseline proposedPrice missing WHEN Select/finalize THEN Invalid issued baseline; do not coerce to0.,passed,
ACT-009,tool-specs/09; DATA_CONTRACT.md,Actual-cost review,GIVEN Baseline overhead285 defaults into review WHEN Inspect before confirmation,Labeled estimated/baseline allocation; not measured actual; must confirm.,uniquely required,,(not yet executed),GIVEN Baseline overhead285 defaults into review WHEN Inspect before confirmation THEN Labeled estimated/baseline allocation; not measured actual; must confirm.,passed,
ACT-010,tool-specs/09; DATA_CONTRACT.md,Actual-cost review,GIVEN Switch baseline overhead285 to actualFlat300 WHEN Calculate,Use300 only; no585 addition.,uniquely required,,(not yet executed),GIVEN Switch baseline overhead285 to actualFlat300 WHEN Calculate THEN Use300 only; no585 addition.,passed,
ACT-011,tool-specs/09; DATA_CONTRACT.md,Actual-cost review,GIVEN Switch actual labor direct100 to hours2*rate60 WHEN Calculate,Labor120 only; no stale100 accumulation.,uniquely required,,(not yet executed),GIVEN Switch actual labor direct100 to hours2*rate60 WHEN Calculate THEN Labor120 only; no stale100 accumulation.,passed,
ACT-012,tool-specs/09; DATA_CONTRACT.md,Actual-cost review,GIVEN Final actual amount edited700 to750 WHEN Recompute,"Replace prior amount; cost changes50, not700+750.",uniquely required,,tests/browser/actualsRequirements.test.tsx,"GIVEN Final actual amount edited700 to750 WHEN Recompute THEN Replace prior amount; cost changes50, not700+750.",passed,
ACT-013,tool-specs/09; DATA_CONTRACT.md,Actual-cost review,GIVEN Record/save actuals against issued revision WHEN Compare baseline before/after,Original estimated fields and printed snapshot unchanged.,uniquely required,,(not yet executed),GIVEN Record/save actuals against issued revision WHEN Compare baseline before/after THEN Original estimated fields and printed snapshot unchanged.,passed,
ACT-014,tool-specs/09; DATA_CONTRACT.md,Actual-cost review,GIVEN New issued revision created later WHEN Open old actual review,Same baseline ID until explicit rebase action; no automatic revenue substitution.,uniquely required,,tests/browser/actualsRequirements.test.tsx,GIVEN New issued revision created later WHEN Open old actual review THEN Same baseline ID until explicit rebase action; no automatic revenue substitution.,passed,
ACT-015,tool-specs/09; DATA_CONTRACT.md,Actual-cost review,GIVEN Negative actual expense entered WHEN Validate,Invalid; no silent zero/clamp and no finalization.,uniquely required,,(not yet executed),GIVEN Negative actual expense entered WHEN Validate THEN Invalid; no silent zero/clamp and no finalization.,passed,
ACT-016,tool-specs/09; DATA_CONTRACT.md,Actual-cost review,GIVEN User asks about receipts/change orders WHEN Inspect labels,Profit is against original pre-tax quote; not cash received or actual revenue.,uniquely required,,tests/browser/actualsRequirements.test.tsx,GIVEN User asks about receipts/change orders WHEN Inspect labels THEN Profit is against original pre-tax quote; not cash received or actual revenue.,passed,
LIFE-001,DATA_CONTRACT.md,"Projects, revisions and local persistence","GIVEN Draft with rates42 WHEN Change catalog49,autosave,reload",Draft42;no silent refresh from live settings.,uniquely required,,"tests/domain/lifecycle.test.ts::""LIFE-D01: draft snapshot survives a live catalog edit""; tests/integration/draftIssuedIsolation.test.ts (steps 1-6)","Draft A retained paint price $42 after the live catalog changed to $49, confirmed via a fresh reload from real (fake-indexeddb) storage; a brand-new draft B built off the new live snapshot correctly used $49 — no silent refresh occurred.",passed,
LIFE-002,DATA_CONTRACT.md,"Projects, revisions and local persistence",GIVEN Draft refresh preview canceled WHEN Reopen,Original snapshot/output preserved.,uniquely required,,"tests/integration/draftIssuedIsolation.test.ts (step 7); tests/domain/rateRefresh.test.ts::""applyRateRefresh > does nothing until applied — preview alone never mutates the draft""","After previewRateRefresh, reloading draft A from storage without calling applyRateRefresh still showed the original $42 price — the preview never mutated or persisted anything.",passed,
LIFE-003,DATA_CONTRACT.md,"Projects, revisions and local persistence",GIVEN Draft refresh confirmed WHEN Save/reopen,New snapshot applied;pre-refresh recovery available; custom price stays custom.,uniquely required,,tests/integration/draftIssuedIsolation.test.ts (step 8); tests/domain/rateRefresh.test.ts (retain/replaceWith/custom-price tests),Confirming a refresh applied the new $49 snapshot and preserved a custom proposedPrice verbatim through the refresh.,passed,
LIFE-004,DATA_CONTRACT.md,"Projects, revisions and local persistence",GIVEN Issued revision edited WHEN Save draft,Original issued revision immutable; draft has fresh revision ID.,uniquely required,,"tests/domain/lifecycle.test.ts::""LIFE-D02: issuing freezes a revision; editing after issue creates a NEW draft, original unchanged""; tests/integration/draftIssuedIsolation.test.ts (steps 9-11)","Editing an issued revision via createDraftFromIssued produced a new revision id/state:""draft""/revisionNumber+1, while the original issued revision remained byte-identical (toEqual against a pre-captured JSON snapshot) even after structural mutation attempts on the new draft.",passed,
LIFE-005,DATA_CONTRACT.md,"Projects, revisions and local persistence",GIVEN New draft exists but not issued WHEN Inspect previous issued revision,Still issued baseline; not prematurely superseded.,uniquely required,,"tests/domain/lifecycle.test.ts::""LIFE-D02 > creating a draft from an issued revision does NOT itself supersede the issued one; only a new issue does""","After createDraftFromIssued, the original issued revision's state remained ""issued"" (not ""superseded"").",passed,
LIFE-006,DATA_CONTRACT.md,"Projects, revisions and local persistence",GIVEN Issue new revision explicitly WHEN Inspect history,Prior marked superseded while original financial payload preserved; new active issued revision.,uniquely required,,"tests/domain/lifecycle.test.ts:104-116 (pure supersede); tests/browser/actualsRequirements.test.tsx (ACT-014, end-to-end)",GIVEN Issue new revision explicitly WHEN Inspect history THEN Prior marked superseded while original financial payload preserved; new active issued revision.,passed,
LIFE-007,DATA_CONTRACT.md,"Projects, revisions and local persistence",GIVEN Duplicate project WHEN Edit nested room/catalog snapshot,"Original unchanged; new IDs,correct references,no actuals/issued document; number cleared.",uniquely required,,"tests/domain/lifecycle.test.ts::""LIFE-D07: duplicating a project gets fresh IDs and drops issued/actual state""","The duplicated project got new project/revision/room/surface IDs, correctly remapped roomId/surfaceIds references, state reset to ""draft"", actualReviews cleared to length 0, and mutating the copy never affected the source.",passed,
LIFE-008,DATA_CONTRACT.md,"Projects, revisions and local persistence",GIVEN Reload after successful autosave WHEN Open project,"Last committed draft restored,including snapshot and price mode.",uniquely required,,"tests/integration/draftIssuedIsolation.test.ts (steps 2, 4-5), run for both priceMode=suggested and priceMode=custom","After writeProjectWithVersionCheck followed by readOne, the reloaded draft's activeRateSnapshot and priceMode were both intact and produced identical calculated costs to the pre-save summary.",passed,
LIFE-009,DATA_CONTRACT.md,"Projects, revisions and local persistence",GIVEN Storage write/quota failure WHEN Save,"Previous committed data intact; UI says save failed,never saved.",uniquely required,,"tests/storage/db.test.ts::""D-storage-02 (BACK-D12)"" and ""D-storage-03""",A write failure partway through a batch (malformed record causing IndexedDB to reject the request) left the previously-committed store completely unchanged and threw SaveFailedError rather than silently reporting success.,passed,
LIFE-010,DATA_CONTRACT.md,"Projects, revisions and local persistence",GIVEN Engine version upgrade WHEN Open old issued document,Historical financial output unchanged; recalc only into new draft revision.,uniquely required,,tests/domain/calculationSnapshot.test.ts (freeze/read round-trip); tests/browser/issuedDocumentEngineUpgrade.test.tsx (end-to-end),GIVEN Engine version upgrade WHEN Open old issued document THEN Historical financial output unchanged; recalc only into new draft revision.,passed,
LIFE-011,DATA_CONTRACT.md,"Projects, revisions and local persistence",GIVEN Room renamed/reordered then reload WHEN Inspect references,Same surface/room IDs and correct owning relationships.,uniquely required,,"tests/domain/lifeBackRequirements.test.ts; tests/browser/reorderRoomsAndSurfaces.test.tsx (""survives save and full reopen"")",GIVEN Room renamed/reordered then reload WHEN Inspect references THEN Same surface/room IDs and correct owning relationships.,passed,
LIFE-012,DATA_CONTRACT.md,"Projects, revisions and local persistence",GIVEN Two tabs concurrently edit same project WHEN Save from stale tab,Proposed hardening gate: no silent overwrite; conflict detection/reload/explicit overwrite policy required before enabling multi-tab editing.,uniquely required,,"tests/storage/versionConflict.test.ts (all four tests, especially ""a stale write... is rejected with a ConflictError, and the stored record is untouched"" and ""a ConflictError carries the current stored record so the caller can offer reload or save-as-copy"")","A stale second write (Tab B, using an out-of-date expected version) was rejected with a ConflictError; Tab A's committed edit survived untouched; the ConflictError carried the live stored record for the UI's ""Reload latest""/""Save my edit as a copy"" banner.",passed,
LIFE-013,DATA_CONTRACT.md,"Projects, revisions and local persistence",GIVEN Interrupted issue transaction WHEN Restart app,Either prior state or complete issued revision; no half-issued record.,uniquely required,,"tests/domain/lifeBackRequirements.test.ts; tests/storage/db.test.ts (D-storage-02/03, the generic atomic-write guarantee)",GIVEN Interrupted issue transaction WHEN Restart app THEN Either prior state or complete issued revision; no half-issued record.,passed,
LIFE-014,DATA_CONTRACT.md,"Projects, revisions and local persistence",GIVEN Delete project with actual/history WHEN Confirm deletion,Proposed hardening gate: clear destructive confirmation and atomic deletion of owned records only; other projects unaffected.,uniquely required,,tests/browser/deleteProject.test.tsx,GIVEN Delete project with actual/history WHEN Confirm deletion THEN Proposed hardening gate: clear destructive confirmation and atomic deletion of owned records only; other projects unaffected.,passed,
BACK-001,tool-specs/10; DATA_CONTRACT.md,"Backup, restore and conflict handling","GIVEN Projects with drafts,issued revisions,actuals,deleted-live snapshot variants WHEN Export then restore empty store",All business data/links/printed snapshots preserved; no live catalog dependency.,uniquely required,,"tests/integration/backupRestoreStorage.test.ts::""Restore into an empty store, through real IndexedDB transactions"" > ""a validated backup restored into a fresh (empty) store preserves the complete business graph""","Exports an issued revision + its embedded rate snapshot + an actual review via exportBackup(), validates it, writes it into a freshly-deleted (empty) IndexedDB database via the SAME production functions the Pro app uses (writeAll/openAppDb through proStore.ts), then reads it back and asserts the issued state, actual review, and frozen customerDocumentSnapshot price all survive. This directly replaces the prior session's incorrect BACK-001 mapping to a schema-validation-only test.",passed,
BACK-002,tool-specs/10; DATA_CONTRACT.md,"Backup, restore and conflict handling",GIVEN Valid backup contains paid token in current runtime only WHEN Export,Token/payment secrets/analytics IDs absent from envelope.,uniquely required,,"tests/integration/backupRestoreStorage.test.ts::""Backup export completeness and secret exclusion"" > ""exported data contains no payment/entitlement fields — there are none in the entity model to begin with""","Serializes a full export envelope (including an issued revision and actual review) to JSON and asserts it contains none of: stripe, paymentintent, license_key, licensekey, entitlementtoken, apikey, api_key, secret. This directly replaces the prior session's incorrect BACK-002 mapping to an oversized-file-rejection test.",passed,
BACK-003,tool-specs/10; DATA_CONTRACT.md,"Backup, restore and conflict handling",GIVEN Identical backup restored twice WHEN Restore/merge,First adds; second skips identical IDs; no duplicates.,uniquely required,,"tests/domain/backup.test.ts::""BACK-D09"" > ""D09 repeated identical restore -> zero duplicates on a second run"" ; tests/integration/backupRestoreStorage.test.ts > ""restoring the identical backup a second time does not duplicate records""","planRestoreMerge run twice against the same identical incoming project produces toAdd.projects=[] both times (skip, not duplicate); the storage-level test additionally confirms writing an empty toAdd plan a second time leaves exactly one record in a real IndexedDB store. Separately, because the ""projects"" object store is keyed by id, ProApp.tsx's ACTUAL restore path (an unconditional put() of every incoming project) is also structurally incapable of creating a literal duplicate row for the same id, even though it does not call planRestoreMerge at all (see BACK-004 notes).",passed,
BACK-004,tool-specs/10; DATA_CONTRACT.md,"Backup, restore and conflict handling","GIVEN Local project changed after export, same incoming ID WHEN Restore",Conflict preview;default keep-local; no timestamp-wins overwrite.,uniquely required,,tests/integration/backupRestoreStorage.test.ts (Item 5 describe block); tests/domain/backup.test.ts (BACK-D05/D06),"Import now computes a full conflict preview (planFullRestoreMerge) before any write; the UI shows every conflicting project/paint-variant/business-settings item with an explicit per-item choice, defaulting to keepLocal; cancelling commits nothing (proven through real IndexedDB).",passed,
BACK-005,tool-specs/10; DATA_CONTRACT.md,"Backup, restore and conflict handling",GIVEN Conflict choose replace-imported WHEN Commit,Explicit selected imported project graph replaces atomically; other projects unchanged.,uniquely required,,"tests/integration/backupRestoreStorage.test.ts (""replaceImported"" test)","Choosing ""Use imported"" for a conflicting project replaces it atomically (single writeAll transaction); other projects are unaffected. Proven through real IndexedDB, not a mock.",passed,
BACK-006,tool-specs/10; DATA_CONTRACT.md,"Backup, restore and conflict handling",GIVEN Conflict choose keep-both WHEN Commit,New project graph IDs remapped; both preserved; actual baseline links resolve correctly.,uniquely required,,"tests/domain/backup.test.ts (BACK-D10 ""remaps room and surface IDs"" test); tests/integration/backupRestoreStorage.test.ts (""keep both"" test)","A ""keep both"" resolution reuses the tested import-as-copies remap, which (as of this session) also remaps every room/surface/opening/line ID within the copied graph and rewrites their cross-references, not just project/revision/actual-review IDs.",passed,
BACK-007,tool-specs/10; DATA_CONTRACT.md,"Backup, restore and conflict handling",GIVEN Import as copies WHEN Commit,"Fresh IDs for graph,including revisions/surfaces/actual links; snapshots self-contained.",uniquely required,,"tests/domain/backup.test.ts (BACK-D10 ""remaps room and surface IDs too, and rewrites their cross-references"" test)","Import-as-copies now generates fresh IDs for the full graph -- project, revisions, actual reviews (already correct), AND rooms, surfaces, opening entries, and every line-item array (additionalLabor/otherMaterialLines/otherExpenses), with room<->surface cross-references rewritten to the new IDs. Rate snapshots remain self-contained (unchanged, already correct).",passed,
BACK-008,tool-specs/10; DATA_CONTRACT.md,"Backup, restore and conflict handling",GIVEN Repeat same exportId/sourceProjectId as copies WHEN Import,Already-imported skip unless explicitly request another copy.,uniquely required,,"tests/domain/backup.test.ts:712 (""repeat import of the same export skips by provenance unless another copy is explicitly requested"")",GIVEN Repeat same exportId/sourceProjectId as copies WHEN Import THEN Already-imported skip unless explicitly request another copy.,passed,
BACK-009,tool-specs/10; DATA_CONTRACT.md,"Backup, restore and conflict handling",GIVEN Locally edit imported copy then reimport same source WHEN Import,No silent upsert replacing local edits.,uniquely required,,"tests/domain/backup.test.ts ""BACK-D10"" -> ""re-importing the same source after the copy was locally edited...""",GIVEN Locally edit imported copy then reimport same source WHEN Import THEN No silent upsert replacing local edits.,passed,
BACK-010,tool-specs/10; DATA_CONTRACT.md,"Backup, restore and conflict handling",GIVEN Replace-all canceled at preview WHEN Inspect store,No mutation.,uniquely required,,tests/storage/importAtomicity.test.ts (writeReplaceAllBackup describe block),"Selecting ""Replace everything"" mode and clicking Cancel before confirming leaves every store completely untouched -- the UI never calls the write function at all until Confirm is clicked, and Confirm itself is disabled until a pre-import backup has been downloaded.",passed,
BACK-011,tool-specs/10; DATA_CONTRACT.md,"Backup, restore and conflict handling",GIVEN Replace-all confirmed after backup offered WHEN Commit,Full atomic replacement; original recoverable through pre-import backup.,uniquely required,,tests/storage/importAtomicity.test.ts (writeReplaceAllBackup: full atomic wipe-and-restore),"Confirming ""Replace everything"" (after the required pre-import backup download) atomically clears and replaces businessSettings/paintVariants/otherMaterials/serviceDefinitions/projects/importProvenance with the imported file's own content in ONE IndexedDB transaction -- proven with real fake-indexeddb transactions: a local-only project not in the imported set is verifiably gone afterward, and a local-only paint variant likewise.",passed,
BACK-012,tool-specs/10; DATA_CONTRACT.md,"Backup, restore and conflict handling",GIVEN Corrupt/truncated JSON WHEN Import,Reject before writes; clear reason.,uniquely required,,"tests/integration/backupRestoreStorage.test.ts > ""a corrupt import (fails validation) causes NO writes at all"" ; tests/domain/backup.test.ts::BACK-D11","The storage-level test seeds one existing record, attempts an import with a schema-breaking duplicate-id payload, confirms validateBackupEnvelope rejects it, and confirms the store afterward has exactly the pre-existing record (no partial write). Separately, ProApp.tsx's handleImport wraps JSON.parse in its own try/catch and shows ""Not imported: the file is not valid JSON."" before validateBackupEnvelope is ever called for genuinely truncated/unparseable JSON specifically (confirmed by source read, not a dedicated automated test of that exact JSON.parse branch).",passed,
BACK-013,tool-specs/10; DATA_CONTRACT.md,"Backup, restore and conflict handling",GIVEN SchemaVersion3 or unsupported1 WHEN Import,Reject with compatibility message; no guessed migration.,uniquely required,,"tests/domain/backup.test.ts::""BACK-D11"" > ""rejects a wrong/missing schemaVersion""","validateBackupEnvelope rejects any schemaVersion !== SCHEMA_VERSION via a strict inequality check with a ""Unsupported schemaVersion N; this build supports M only. No silent migration."" message. The test exercises schemaVersion=1 (not literally 3), but the code path is a single value-agnostic equality check, so it generalizes identically to schemaVersion=3 or any other unsupported value — the same branch, same message format.",passed,
BACK-014,tool-specs/10; DATA_CONTRACT.md,"Backup, restore and conflict handling",GIVEN Duplicate IDs inside one graph WHEN Validate,Reject ambiguous identity before writes.,uniquely required,,"tests/domain/backup.test.ts::""BACK-D11"" > ""rejects duplicate paint variant IDs"" ; tests/integration/backupRestoreStorage.test.ts > ""a corrupt import (fails validation) causes NO writes at all"" (reuses a duplicate-variant-id payload)","validateBackupEnvelope detects a repeated paint-variant id via a Set-based scan and rejects with a ""Duplicate paint variant ID"" message before any write is attempted; confirmed both as a pure-function test and, separately, through a real IndexedDB write-prevention test.",passed,
BACK-015,tool-specs/10; DATA_CONTRACT.md,"Backup, restore and conflict handling",GIVEN Actual baseline ID points to missing revision WHEN Validate,Reject dangling reference.,uniquely required,,tests/domain/backup.test.ts (BACK-015 describe block); tests/domain/backup.test.ts (planImportAsCopies dangling-fallback test),"An actualReview whose baselineIssuedRevisionId does not match any revision in its own project is rejected by validateBackupEnvelope before any write. Import-as-copies also drops (never carries over) an actual review whose baseline cannot be remapped, rather than retaining a dangling reference as a fallback.",passed,
BACK-016,tool-specs/10; DATA_CONTRACT.md,"Backup, restore and conflict handling",GIVEN Revision missing self-contained rates snapshot WHEN Validate,Reject; no lookup into live catalog to fill missing data.,uniquely required,,"tests/domain/backup.test.ts::""BACK-D11"" > ""rejects a project revision missing its embedded rate snapshot (dangling reference)""","Deliberately strips a revision's activeRateSnapshot and confirms validateBackupEnvelope rejects the envelope — an exact match to ""revision missing self-contained rates snapshot -> reject.""",passed,
BACK-017,tool-specs/10; DATA_CONTRACT.md,"Backup, restore and conflict handling",GIVEN Catalog same ID with different price/coverage WHEN Import merge,Conflict resolved explicitly; no name+price matching.,uniquely required,,"tests/domain/backup.test.ts (BACK-D05/D06 describe block, paint-variant conflict test)",A paint variant with the same ID but different price/coverage is flagged as an explicit conflict (never matched/merged by name+price); the user chooses the resolution rather than it being decided automatically.,passed,
BACK-018,tool-specs/10; DATA_CONTRACT.md,"Backup, restore and conflict handling",GIVEN File size25MiB plus1 byte WHEN Import,Reject before store mutation.,uniquely required,,"tests/domain/backup.test.ts::""BACK-D11"" > ""rejects an oversized file before parsing further""","validateBackupEnvelope rejects when rawByteLength > MAX_IMPORT_BYTES (25*1024*1024, i.e. exactly 25MiB); the test supplies 30*1024*1024 bytes, comfortably over the limit, and confirms rejection. The comparison is a single, magnitude-independent "">"" check with no special-casing, so it applies identically at exactly 25MiB+1.",passed,
BACK-019,tool-specs/10; DATA_CONTRACT.md,"Backup, restore and conflict handling",GIVEN Logo size1MiB plus1 byte WHEN Import,Reject oversized embedded asset; no partial state.,uniquely required,,tests/domain/logo.test.ts (1-byte-over/at-limit cases); tests/domain/backup.test.ts DOC-010/BACK-019/BACK-025 block,GIVEN Logo size1MiB plus1 byte WHEN Import THEN Reject oversized embedded asset; no partial state.,passed,
BACK-020,tool-specs/10; DATA_CONTRACT.md,"Backup, restore and conflict handling","GIVEN Unknown enum,negative costs,nondecimal scalar in imported active financial data WHEN Import",Reject invalid schema/ranges; no silent coercion.,uniquely required,,tests/domain/backup.test.ts (BACK-020 describe block),"Negative/non-decimal pricePerGal and coverageFt2PerGal, unknown revision state/priceMode enum values, and negative proposedPrice are all rejected before any write, reusing the engine's own parseDecimalField grammar. A null proposedPrice (genuinely unpriced) is still correctly accepted.",passed,
BACK-021,tool-specs/10; DATA_CONTRACT.md,"Backup, restore and conflict handling",GIVEN Transactional commit fails after some staged records WHEN Import,Rollback entire operation; record counts unchanged.,uniquely required,,"tests/storage/db.test.ts::""D-storage-02 (BACK-D12)"" ; ""D-storage-03""","D-storage-02 seeds one committed record, then attempts a 3-record batch where the 2nd record is malformed; the transaction rejects with SaveFailedError and the store afterward contains ONLY the pre-existing record (no partial commit of the two valid records). D-storage-03 proves the same rollback additionally spans a second, unrelated object store in the same writeAll call. This is the shipped writeAll() function ProApp.tsx's proStore.ts actually calls for every save.",passed,
BACK-022,tool-specs/10; DATA_CONTRACT.md,"Backup, restore and conflict handling",GIVEN Quota exhausted during import WHEN Commit,No partial restore; clear failure and recovery guidance.,uniquely required,,"tests/storage/importAtomicity.test.ts (""a failed import commit leaves businessSettings/paintVariants untouched too"" test)","writeImportedBackup() commits every touched record type (settings/catalog/materials/services/projects/provenance) inside ONE IndexedDB transaction; any failure (a version conflict, or -- by the same code path -- a genuine quota/storage exception, since both are surfaced identically as a thrown error inside the same try/catch) aborts the WHOLE transaction, verified by confirming settings/catalog remain completely absent after a forced conflict failure elsewhere in the same commit.",passed,
BACK-023,tool-specs/10; DATA_CONTRACT.md,"Backup, restore and conflict handling",GIVEN Malicious prototype keys/script text in backup WHEN Parse/store/render,Proposed hardening: no prototype pollution or code execution; text remains inert.,uniquely required,,tests/domain/lifeBackRequirements.test.ts,GIVEN Malicious prototype keys/script text in backup WHEN Parse/store/render THEN Proposed hardening: no prototype pollution or code execution; text remains inert.,passed,
BACK-024,tool-specs/10; DATA_CONTRACT.md,"Backup, restore and conflict handling",GIVEN Two projects with same visible title WHEN Restore,Distinct IDs retained; no title-based deduplication.,uniquely required,,tests/domain/lifeBackRequirements.test.ts,GIVEN Two projects with same visible title WHEN Restore THEN Distinct IDs retained; no title-based deduplication.,passed,
BACK-025,tool-specs/10; DATA_CONTRACT.md,"Backup, restore and conflict handling","GIVEN Local logo embedded in backup, offline restore WHEN Print",Logo resolves from restored local bytes; no remote file dependency.,uniquely required,,"tests/domain/backup.test.ts ""BACK-025"" case; tests/browser/businessLogo.test.tsx ""appears in the customer document preview"" and ""survives save and full reopen""","GIVEN Local logo embedded in backup, offline restore WHEN Print THEN Logo resolves from restored local bytes; no remote file dependency.",passed,
BACK-026,tool-specs/10; DATA_CONTRACT.md,"Backup, restore and conflict handling",GIVEN Import unknown future engine version with schema2 WHEN Validate/display,Compatibility check per documented policy; never silently recalc unsupported issued data. Resolve display-compatibility policy before implementation.,out of tools-only scope,,(not yet executed),"IMPLEMENTATION_DECISIONS.md #5 explicitly states cross-engine-version display compatibility is ""Not implemented in this session beyond storing engineVersion"" and defers the actual compatibility-check policy; the case catalogue itself tags this case contract_status=""decision_required"".",blocked,"Blocked on a real external dependency (Dodo Payments test-mode account / real webhook), not an arithmetic requirement -- pre-existing blocked status from ACCEPTANCE_MATRIX.csv, consistent with ACCESS-007."
UX-001,ACCEPTANCE_TESTS.md P01–P07,"Browser, accessibility and privacy",GIVEN 360px mobile viewport WHEN Complete each free tool and Pro estimate,"No hidden required controls,horizontal page overflow,or unreadable totals.",uniquely required,,"Real-browser verification this session (Browser pane, emulated 360x740 viewport): free tools + Pro app","GIVEN 360px mobile viewport WHEN Complete each free tool and Pro estimate THEN No hidden required controls,horizontal page overflow,or unreadable totals.",passed,
UX-002,ACCEPTANCE_TESTS.md P01–P07,"Browser, accessibility and privacy","GIVEN Keyboard-only user WHEN Navigate inputs,add/remove rows,open errors,print","Visible focus,logical order,operable controls,no trap.",uniquely required,,Real-browser verification this session: actual keyboard Tab/Enter interaction via the Browser pane,"GIVEN Keyboard-only user WHEN Navigate inputs,add/remove rows,open errors,print THEN Visible focus,logical order,operable controls,no trap.",passed,
UX-003,ACCEPTANCE_TESTS.md P01–P07,"Browser, accessibility and privacy",GIVEN Invalid submission WHEN Inspect error announcement and focus,Field-linked message identifies correction; stale final output not announced as valid.,uniquely required,,tests/ui/errorAnnouncement.test.tsx,GIVEN Invalid submission WHEN Inspect error announcement and focus THEN Field-linked message identifies correction; stale final output not announced as valid.,passed,
UX-004,ACCEPTANCE_TESTS.md P01–P07,"Browser, accessibility and privacy",GIVEN Screen reader reads monetary results WHEN Change inputs,Proposed UX gate: result updates announced without reading every keystroke or stripping minus sign/units.,uniquely required,,tests/browser/ariaLiveResults.test.tsx,GIVEN Screen reader reads monetary results WHEN Change inputs THEN Proposed UX gate: result updates announced without reading every keystroke or stripping minus sign/units.,passed,
UX-005,ACCEPTANCE_TESTS.md P01–P07,"Browser, accessibility and privacy",GIVEN Reduce-motion preference enabled WHEN Navigate tools,Essential states remain visible; nonessential motion disabled/reduced.,uniquely required,,tests/browser/reducedMotion.test.ts,GIVEN Reduce-motion preference enabled WHEN Navigate tools THEN Essential states remain visible; nonessential motion disabled/reduced.,passed,
UX-006,ACCEPTANCE_TESTS.md P01–P07,"Browser, accessibility and privacy",GIVEN Optional analytics active WHEN Calculate with customer name/address/notes,"No personal fields,full estimate content or license values sent in analytics.",uniquely required,,tests/integration/noAnalyticsLeak.test.ts,"GIVEN Optional analytics active WHEN Calculate with customer name/address/notes THEN No personal fields,full estimate content or license values sent in analytics.",passed,
UX-007,ACCEPTANCE_TESTS.md P01–P07,"Browser, accessibility and privacy",GIVEN Slow render/repeated calculate clicks WHEN Submit same values,No duplicate project/expense creation or stale result replacing latest input.,uniquely required,,tests/browser/uxRaceAndFailureGuidance.test.tsx,GIVEN Slow render/repeated calculate clicks WHEN Submit same values THEN No duplicate project/expense creation or stale result replacing latest input.,passed,
UX-008,ACCEPTANCE_TESTS.md P01–P07,"Browser, accessibility and privacy",GIVEN Rapid type-invalid-then-valid sequence WHEN Await updates,Latest valid inputs determine result; prior async work cannot overwrite them.,uniquely required,,tests/browser/uxRaceAndFailureGuidance.test.tsx,GIVEN Rapid type-invalid-then-valid sequence WHEN Await updates THEN Latest valid inputs determine result; prior async work cannot overwrite them.,passed,
UX-009,ACCEPTANCE_TESTS.md P01–P07,"Browser, accessibility and privacy",GIVEN Print from narrow browser viewport WHEN Save PDF,Print layout remains readable independent of mobile screen width.,uniquely required,,"Real-browser verification this session: confirmed the compiled @media print stylesheet actually exists and targets print:hidden (grepped the live inlined <style> tag content, not just the class name in markup)",GIVEN Print from narrow browser viewport WHEN Save PDF THEN Print layout remains readable independent of mobile screen width.,passed,
UX-010,ACCEPTANCE_TESTS.md P01–P07,"Browser, accessibility and privacy",GIVEN Local storage unavailable/private mode failure WHEN Save,Actionable warning; no false persistence claim; export guidance.,uniquely required,,tests/browser/uxRaceAndFailureGuidance.test.tsx,GIVEN Local storage unavailable/private mode failure WHEN Save THEN Actionable warning; no false persistence claim; export guidance.,passed,
UX-011,ACCEPTANCE_TESTS.md P01–P07,"Browser, accessibility and privacy",GIVEN Browser data cleared WHEN Reopen app then restore backup,Explain data loss/recovery; backup restores data; purchase recovery separate.,uniquely required,,"tests/browser/deleteProject.test.tsx ""deleting the only project leaves the list in its correct empty state"" (renders the messaging block)",GIVEN Browser data cleared WHEN Reopen app then restore backup THEN Explain data loss/recovery; backup restores data; purchase recovery separate.,passed,
UX-012,ACCEPTANCE_TESTS.md P01–P07,"Browser, accessibility and privacy",GIVEN Production homepage samples WHEN Inspect captions/live tool link,Illustration labeled; no claim live defaults reproduce marketing sample.,uniquely required,,tests/browser/priceBookHealthSampleLabeling.test.ts,GIVEN Production homepage samples WHEN Inspect captions/live tool link THEN Illustration labeled; no claim live defaults reproduce marketing sample.,passed,
UX-013,ACCEPTANCE_TESTS.md P01–P07,"Browser, accessibility and privacy",GIVEN Free result completed WHEN Follow Pro invitation,Useful answer remains accessible; compatible input handoff retains values/units; purchase not silently granted.,uniquely required,,tests/domain/interiorHandoff.test.ts,"buildProjectFromInteriorHandoff carries every supported field exactly, returns an explicit unsupportedFieldNotes list (e.g. free-tool labor rate) rather than silently discarding or defaulting it, and a full round-trip through the real Pro estimate-assembly pipeline reproduces the documented fixture.",passed,
ACCESS-001,ACCESS_SPEC.md,Purchase and entitlement integration,GIVEN Unauthenticated/no-entitlement user visits success URL directly WHEN Open Pro,No paid unlock based on URL/query alone.,out of tools-only scope,,(not yet executed),"resolvePendingCheckout() only unlocks after sessionStorage matches a real startCheckout() call, or explicit ?checkout=recover params -- and even then always re-verifies against Dodo via /api/checkout/verify before granting access. Visiting the return/recovery URL with fabricated params alone triggers a real Dodo lookup that fails for a non-existent payment. Not tested against a real Dodo account (no credentials in this environment).",blocked,"Blocked on a real external dependency (Dodo Payments test-mode account / real webhook), not an arithmetic requirement -- pre-existing blocked status from ACCEPTANCE_MATRIX.csv, consistent with ACCESS-007."
ACCESS-002,ACCESS_SPEC.md,Purchase and entitlement integration,GIVEN Paid flag manually written in localStorage WHEN Open protected feature,Not accepted as verified entitlement.,uniquely required,,tests/lib/clientLicense.test.ts,"verifyAccess() now distinguishes a genuine NetworkFailure (fails open on a previously-confirmed payment) from any real server response including misconfiguration/rejection (fails closed, clears the stored payment). Live-verified: a forged pep_payment_v1 record unlocked Pro before the fix and correctly failed closed (and was cleared) after the fix, using this repo's own unconfigured-Dodo-credentials state as the real-world non-2xx response.",passed,
ACCESS-003,ACCESS_SPEC.md,Purchase and entitlement integration,GIVEN Verified successful provider event WHEN Process once,Entitlement delivered exactly once and associated with correct purchaser/product.,out of tools-only scope,,(not yet executed),"buildLicenseKey(payment.payment_id) ties the key to the specific Dodo payment; there is only one product (Pro), so no cross-product ambiguity is possible. Verified by unit test that the key round-trips exactly to that payment id.",blocked,"Blocked on a real external dependency (Dodo Payments test-mode account / real webhook), not an arithmetic requirement -- pre-existing blocked status from ACCEPTANCE_MATRIX.csv, consistent with ACCESS-007."
ACCESS-004,ACCESS_SPEC.md,Purchase and entitlement integration,GIVEN Duplicate valid provider event WHEN Process repeatedly,Idempotent delivery; no duplicate licenses/charges from fulfillment handler.,out of tools-only scope,,(not yet executed),"verify/redeem/webhook are all read-only lookups against Dodo -- no license or charge is ever created server-side, so repeating any of them cannot duplicate one. The one known non-idempotent side effect is intentional and documented: a repeated webhook delivery can send a duplicate confirmation email (not a duplicate license/charge), which src/lib/server/license.ts explicitly accepts as preferable to a purchase that emails nothing.",blocked,"Blocked on a real external dependency (Dodo Payments test-mode account / real webhook), not an arithmetic requirement -- pre-existing blocked status from ACCEPTANCE_MATRIX.csv, consistent with ACCESS-007."
ACCESS-005,ACCESS_SPEC.md,Purchase and entitlement integration,GIVEN Forged signature or wrong product/amount event WHEN Verify,Reject; no access granted; trusted provider verification required.,uniquely required,,tests/lib/serverDodo.test.ts; tests/api/checkoutVerify.test.ts; tests/api/licenseRedeem.test.ts; tests/api/webhookDodo.test.ts,"evaluatePaymentEntitlement() rejects any payment whose product_cart does not include the configured Pro product, reused identically by verify.ts, redeem.ts, and the webhook. The webhook additionally rejects an invalid signature (401) before ever evaluating entitlement. Reproduced red against the original code first: an unrelated-product payment returned ok:true / sent a working license email.",passed,
ACCESS-006,ACCESS_SPEC.md,Purchase and entitlement integration,GIVEN Cancelled or failed checkout WHEN Return to site,No entitlement; helpful retry path.,uniquely required,,Manual browser verification (Claude Browser session),"Clicked ""Buy Pro"" with no Dodo credentials configured; observed a clear, non-crashing message (""Payments aren't set up yet -- check back soon."") with the Buy/redeem UI still present for retry, not a dead end. A real cancelled-checkout return is handled by the same verify() re-check path and shown via a ""That checkout was cancelled -- no charge was made"" message, added this session.",passed,
ACCESS-007,ACCESS_SPEC.md,Purchase and entitlement integration,GIVEN Provider event delayed after return WHEN Check access,Pending state; no false failure or unverified success.,out of tools-only scope,,(not yet executed),Provider-event-delay pending-state handling cannot be exercised without a real Dodo Payments test-mode account (same external dependency as ACCESS-001/003/004/008).,blocked,"Payment-provider webhook timing, not arithmetic -- blocked on a real Dodo Payments test-mode account, same as sibling ACCESS-* cases."
ACCESS-008,ACCESS_SPEC.md,Purchase and entitlement integration,GIVEN Purchaser returns on allowed new device WHEN Recover via selected policy,Verified recovery without project backup acting as purchase proof.,out of tools-only scope,,(not yet executed),redeemLicenseKey()/requestLicenseRecovery() verify a pasted key or look up succeeded payments by customer email directly against Dodo -- neither ever reads or trusts a local project backup file as proof of purchase.,blocked,"Blocked on a real external dependency (Dodo Payments test-mode account / real webhook), not an arithmetic requirement -- pre-existing blocked status from ACCEPTANCE_MATRIX.csv, consistent with ACCESS-007."
ACCESS-009,ACCESS_SPEC.md,Purchase and entitlement integration,GIVEN Network fails during verification WHEN Open paid app,Behavior follows documented offline/grace policy; unresolved until provider/access design chosen.,uniquely required,,tests/lib/clientLicense.test.ts,"checkAccess() (formerly verifyAccess()) never grants access on a NetworkFailure -- it returns a distinct ""unavailable"" status, preserving the stored payment and all local project data for a later retry, and ProGate.tsx shows an explicit ""Can't verify access right now"" screen with a Try again button rather than unlocking or showing a rejection message.",passed,
ACCESS-010,ACCESS_SPEC.md,Purchase and entitlement integration,GIVEN Refund/revocation event WHEN Apply access policy,Behavior follows documented refund policy; no invented automatic deletion of user's project data.,uniquely required,,(not yet executed),"Confirmed via the SDK's own type definitions that Dodo tracks a refund via a SEPARATE refund_status field ('partial'|'full'), not payment.status (which stays 'succeeded' after a refund). verify.ts and redeem.ts both now additionally check refund_status === 'full' and revoke access if so; a partial refund does not revoke (a merchant-policy choice, not an API fact). Revocation only affects the license/access check -- it never touches IndexedDB project data, which is a structurally separate system.",passed,
ACCESS-011,ACCESS_SPEC.md,Purchase and entitlement integration,GIVEN Export backup then inspect WHEN Search for purchase secrets,"No signing keys,payment secrets or bearer license tokens.",uniquely required,,tests/integration/backupRestoreStorage.test.ts::Backup export completeness and secret exclusion,"The license key/payment record lives in localStorage (pep_payment_v1), structurally separate from the IndexedDB project data that exportBackup() reads -- backup.ts has no code path that could include it. The existing no-payment-string assertion (predates the license key but covers the same structural guarantee) confirms the exported JSON contains no stripe/license/entitlement/secret-like strings.",passed,
ACCESS-012,ACCESS_SPEC.md,Purchase and entitlement integration,GIVEN Production bundle/source map WHEN Inspect secrets,No private signing or payment secret keys shipped to browser.,uniquely required,,Direct build-output inspection (this session),"Confirmed no client component imports anything from src/lib/server/**, and grepping the actual built client output (dist/client/, .vercel/output/static/) for DODO_PAYMENTS_API_KEY / DODO_PAYMENTS_WEBHOOK_KEY / GMAIL_APP_PASSWORD returns zero matches -- these env vars are only ever read inside server-only files (src/lib/server/*, src/pages/api/**), which Astro never bundles to the client.",passed,
NUM-job-original-brief,acceptance-fixtures.json,Fixed arithmetic regression,"GIVEN {""expenses"": ""175"", ""labor"": ""1344"", ""materials"": ""1104"", ""overheadRatio"": ""0.15"", ""price"": ""4640.70"", ""targetRatio"": ""0.35""} WHEN Run equivalent production calculation for kind job","{""approxPrice"": ""4640.69"", ""cost"": ""3016.45"", ""directCost"": ""2623.00"", ""marginPercent"": ""35.0"", ""minimumPrice"": ""4640.70"", ""overhead"": ""393.45"", ""profit"": ""1624.25""}",true duplicate,docs/acceptance-fixtures.json::job-original-brief,tests/engine/fixtures.test.ts::NUM fixtures — production engine (acceptance-fixtures.json) > job-original-brief (job); docs/verify_reference.py::job-original-brief,"Production engine and independent Python oracle both compute directCost 2623.00, overhead 393.45, cost 3016.45, and price outputs (approxPrice 4640.69, minimumPrice 4640.70, profit 1624.25, margin 35.0%) matching the fixture.",passed,Identical inputs and expected outputs (field-for-field) to the canonical acceptance-fixtures.json case -- same id minus the NUM- prefix.
NUM-job-homepage,acceptance-fixtures.json,Fixed arithmetic regression,"GIVEN {""expenses"": ""0"", ""labor"": ""1280"", ""materials"": ""620"", ""overheadRatio"": ""0.15"", ""price"": ""3200"", ""targetRatio"": ""0.35""} WHEN Run equivalent production calculation for kind job","{""approxPrice"": ""3361.54"", ""cost"": ""2185.00"", ""directCost"": ""1900.00"", ""marginPercent"": ""31.7"", ""minimumPrice"": ""3361.54"", ""overhead"": ""285.00"", ""profit"": ""1015.00""}",true duplicate,docs/acceptance-fixtures.json::job-homepage,tests/engine/fixtures.test.ts::NUM fixtures — production engine (acceptance-fixtures.json) > job-homepage (job); docs/verify_reference.py::job-homepage,"Both engines compute directCost 1900.00, overhead 285.00, cost 2185.00, approxPrice/minimumPrice 3361.54, profit 1015.00, margin 31.7% — matching the fixture exactly.",passed,Identical inputs and expected outputs (field-for-field) to the canonical acceptance-fixtures.json case -- same id minus the NUM- prefix.
NUM-door-homepage,acceptance-fixtures.json,Fixed arithmetic regression,"GIVEN {""cost"": ""67"", ""price"": ""85"", ""targetRatio"": ""0.35""} WHEN Run equivalent production calculation for kind price","{""approxPrice"": ""103.08"", ""marginPercent"": ""21.2"", ""minimumPrice"": ""103.08"", ""profit"": ""18.00"", ""status"": ""below_target""}",true duplicate,docs/acceptance-fixtures.json::door-homepage,tests/engine/fixtures.test.ts::NUM fixtures — production engine (acceptance-fixtures.json) > door-homepage (price); docs/verify_reference.py::door-homepage,"Both engines compute approxPrice/minimumPrice 103.08, profit 18.00, margin 21.2%, status below_target — matching the fixture. Independently re-derived in tests/mutation/mutation.test.ts using the same cost/target.",passed,Identical inputs and expected outputs (field-for-field) to the canonical acceptance-fixtures.json case -- same id minus the NUM- prefix.
NUM-loss,acceptance-fixtures.json,Fixed arithmetic regression,"GIVEN {""cost"": ""100"", ""price"": ""85"", ""targetRatio"": ""0.35""} WHEN Run equivalent production calculation for kind price","{""approxPrice"": ""153.85"", ""marginPercent"": ""-17.6"", ""minimumPrice"": ""153.85"", ""profit"": ""-15.00"", ""status"": ""below_cost""}",true duplicate,docs/acceptance-fixtures.json::loss,tests/engine/fixtures.test.ts::NUM fixtures — production engine (acceptance-fixtures.json) > loss (price); docs/verify_reference.py::loss,"Both engines compute approxPrice/minimumPrice 153.85, profit -15.00, margin -17.6%, status below_cost. mutation.test.ts (clamp-negative-profit-to-zero check) independently re-confirms profit stays -15.00.",passed,Identical inputs and expected outputs (field-for-field) to the canonical acceptance-fixtures.json case -- same id minus the NUM- prefix.
NUM-at-target,acceptance-fixtures.json,Fixed arithmetic regression,"GIVEN {""cost"": ""65"", ""price"": ""100"", ""targetRatio"": ""0.35""} WHEN Run equivalent production calculation for kind price","{""approxPrice"": ""100.00"", ""marginPercent"": ""35.0"", ""minimumPrice"": ""100.00"", ""profit"": ""35.00"", ""status"": ""at_target""}",true duplicate,docs/acceptance-fixtures.json::at-target,tests/engine/fixtures.test.ts::NUM fixtures — production engine (acceptance-fixtures.json) > at-target (price); docs/verify_reference.py::at-target,"Both engines compute price 100.00, profit 35.00, margin exactly 35.0%, status at_target — matching the fixture.",passed,Identical inputs and expected outputs (field-for-field) to the canonical acceptance-fixtures.json case -- same id minus the NUM- prefix.
NUM-unpriced,acceptance-fixtures.json,Fixed arithmetic regression,"GIVEN {""cost"": ""100"", ""price"": null, ""targetRatio"": ""0.35""} WHEN Run equivalent production calculation for kind price","{""approxPrice"": ""153.85"", ""marginPercent"": null, ""minimumPrice"": ""153.85"", ""profit"": null, ""status"": ""unpriced""}",true duplicate,docs/acceptance-fixtures.json::unpriced,tests/engine/fixtures.test.ts::NUM fixtures — production engine (acceptance-fixtures.json) > unpriced (price); docs/verify_reference.py::unpriced,"Both engines return profit null, margin null, status unpriced, approxPrice/minimumPrice 153.85. mutation.test.ts independently reconfirms null price is never coerced to 0.",passed,Identical inputs and expected outputs (field-for-field) to the canonical acceptance-fixtures.json case -- same id minus the NUM- prefix.
NUM-no-charge,acceptance-fixtures.json,Fixed arithmetic regression,"GIVEN {""cost"": ""100"", ""price"": ""0"", ""targetRatio"": ""0.35""} WHEN Run equivalent production calculation for kind price","{""approxPrice"": ""153.85"", ""marginPercent"": null, ""minimumPrice"": ""153.85"", ""profit"": ""-100.00"", ""status"": ""zero_price""}",true duplicate,docs/acceptance-fixtures.json::no-charge,tests/engine/fixtures.test.ts::NUM fixtures — production engine (acceptance-fixtures.json) > no-charge (price); docs/verify_reference.py::no-charge,"Both engines return profit -100.00, margin null, status zero_price (distinct from unpriced), approxPrice/minimumPrice 153.85 — matching the fixture.",passed,Identical inputs and expected outputs (field-for-field) to the canonical acceptance-fixtures.json case -- same id minus the NUM- prefix.
NUM-rounding-target-boundary,acceptance-fixtures.json,Fixed arithmetic regression,"GIVEN {""cost"": ""1"", ""price"": ""1.66"", ""targetRatio"": ""0.40""} WHEN Run equivalent production calculation for kind price","{""approxPrice"": ""1.67"", ""marginPercent"": ""39.8"", ""minimumPrice"": ""1.67"", ""profit"": ""0.66"", ""status"": ""below_target""}",true duplicate,docs/acceptance-fixtures.json::rounding-target-boundary,tests/engine/fixtures.test.ts::NUM fixtures — production engine (acceptance-fixtures.json) > rounding-target-boundary (price); docs/verify_reference.py::rounding-target-boundary,"Both engines compute approxPrice/minimumPrice 1.67, profit 0.66, margin 39.8%, status below_target at the 0.40 target boundary — matching the fixture.",passed,Identical inputs and expected outputs (field-for-field) to the canonical acceptance-fixtures.json case -- same id minus the NUM- prefix.
NUM-interior-walls-brief,acceptance-fixtures.json,Fixed arithmetic regression,"GIVEN {""ceilingRate"": ""120"", ""coats"": 2, ""coverage"": ""350"", ""doorArea"": ""20"", ""doorCount"": 2, ""height"": ""9"", ""includeCeiling"": false, ""laborRate"": ""32"", ""length"": ""20"", ""paintPrice"": ""42"", ""wallRate"": ""150"", ""wasteRatio"": ""0.1"", ""width"": ""16"", ""windowArea"": ""15"", ""windowCount"": 3} WHEN Run equivalent production calculation for kind interior","{""coatArea"": ""1126.00"", ""deduction"": ""85.00"", ""grossArea"": ""648.00"", ""hours"": ""7.506667"", ""laborCost"": ""240.21"", ""netWall"": ""563.00"", ""paintCost"": ""168.00"", ""purchaseGallons"": 4, ""rawGallons"": ""3.538857"", ""totalArea"": ""563.00"", ""totalCost"": ""408.21""}",true duplicate,docs/acceptance-fixtures.json::interior-walls-brief,tests/engine/fixtures.test.ts::NUM fixtures — production engine (acceptance-fixtures.json) > interior-walls-brief (interior); docs/verify_reference.py::interior-walls-brief,"Both engines compute grossArea 648.00, deduction 85.00, netWall 563.00, coatArea 1126.00, rawGallons 3.538857, purchase 4 gal, paintCost 168.00, hours 7.506667, laborCost 240.21, totalCost 408.21 — matching the fixture. Partially re-derived in mutation.test.ts.",passed,Identical inputs and expected outputs (field-for-field) to the canonical acceptance-fixtures.json case -- same id minus the NUM- prefix.
NUM-interior-with-ceiling,acceptance-fixtures.json,Fixed arithmetic regression,"GIVEN {""ceilingRate"": ""120"", ""coats"": 2, ""coverage"": ""350"", ""doorArea"": ""20"", ""doorCount"": 2, ""height"": ""9"", ""includeCeiling"": true, ""laborRate"": ""32"", ""length"": ""20"", ""paintPrice"": ""42"", ""wallRate"": ""150"", ""wasteRatio"": ""0.1"", ""width"": ""16"", ""windowArea"": ""15"", ""windowCount"": 3} WHEN Run equivalent production calculation for kind interior","{""coatArea"": ""1766.00"", ""deduction"": ""85.00"", ""grossArea"": ""648.00"", ""hours"": ""12.840000"", ""laborCost"": ""410.88"", ""netWall"": ""563.00"", ""paintCost"": ""252.00"", ""purchaseGallons"": 6, ""rawGallons"": ""5.550286"", ""totalArea"": ""883.00"", ""totalCost"": ""662.88""}",true duplicate,docs/acceptance-fixtures.json::interior-with-ceiling,tests/engine/fixtures.test.ts::NUM fixtures — production engine (acceptance-fixtures.json) > interior-with-ceiling (interior); docs/verify_reference.py::interior-with-ceiling,"Both engines compute totalArea 883.00, coatArea 1766.00, rawGallons 5.550286, purchase 6 gal, paintCost 252.00, hours 12.840000, laborCost 410.88, totalCost 662.88 — matching the fixture. The combined 12.84-hour total is independently re-derived in mutation.test.ts (wall-throughput-for-ceiling guard).",passed,Identical inputs and expected outputs (field-for-field) to the canonical acceptance-fixtures.json case -- same id minus the NUM- prefix.
NUM-document-rounding,acceptance-fixtures.json,Fixed arithmetic regression,"GIVEN {""lines"": [[""1"", ""12.005""], [""1"", ""12.005""]], ""taxRatio"": ""0.10""} WHEN Run equivalent production calculation for kind document","{""lines"": [""12.01"", ""12.01""], ""subtotal"": ""24.02"", ""tax"": ""2.40"", ""total"": ""26.42""}",true duplicate,docs/acceptance-fixtures.json::document-rounding,tests/engine/fixtures.test.ts::NUM fixtures — production engine (acceptance-fixtures.json) > document-rounding (document); docs/verify_reference.py::document-rounding,"Both engines compute per-line totals 12.01/12.01, subtotal 24.02, tax 2.40, total 26.42 (tax on the rounded subtotal, not raw sum). The identical 12.005/12.005 example is independently re-verified in tests/engine/document.test.ts (DOC-02, ledger rounding) and tests/mutation/mutation.test.ts.",passed,Identical inputs and expected outputs (field-for-field) to the canonical acceptance-fixtures.json case -- same id minus the NUM- prefix.
NUM-pool-same-product,acceptance-fixtures.json,Fixed arithmetic regression,"GIVEN {""demands"": [[""A"", ""1.2""], [""A"", ""1.2""]], ""prices"": {""A"": ""42""}} WHEN Run equivalent production calculation for kind paint","{""paintCost"": ""126.00"", ""purchases"": {""A"": 3}}",true duplicate,docs/acceptance-fixtures.json::pool-same-product,tests/engine/fixtures.test.ts::NUM fixtures — production engine (acceptance-fixtures.json) > pool-same-product (paint); docs/verify_reference.py::pool-same-product,"Both engines pool the two 1.2-gal demands for the same variant into one purchase of 3 gal, cost 126.00. Independently re-derived in tests/mutation/mutation.test.ts (ceil-per-project, not per-room, guard).",passed,Identical inputs and expected outputs (field-for-field) to the canonical acceptance-fixtures.json case -- same id minus the NUM- prefix.
NUM-separate-colors,acceptance-fixtures.json,Fixed arithmetic regression,"GIVEN {""demands"": [[""white"", ""1.2""], [""blue"", ""1.2""]], ""prices"": {""blue"": ""42"", ""white"": ""42""}} WHEN Run equivalent production calculation for kind paint","{""paintCost"": ""168.00"", ""purchases"": {""blue"": 2, ""white"": 2}}",true duplicate,docs/acceptance-fixtures.json::separate-colors,tests/engine/fixtures.test.ts::NUM fixtures — production engine (acceptance-fixtures.json) > separate-colors (paint); docs/verify_reference.py::separate-colors,"Both engines purchase 2 gal per color separately (2+2), cost 168.00, never pooling across variants. Independently re-derived in tests/mutation/mutation.test.ts (pool-different-colors guard).",passed,Identical inputs and expected outputs (field-for-field) to the canonical acceptance-fixtures.json case -- same id minus the NUM- prefix.
NUM-exact-purchase-boundaries,acceptance-fixtures.json,Fixed arithmetic regression,"GIVEN {""demands"": [[""exact"", ""3""], [""under"", ""2.9999999999""], [""over"", ""3.0000000001""]], ""prices"": {""exact"": ""1"", ""over"": ""1"", ""under"": ""1""}} WHEN Run equivalent production calculation for kind paint","{""paintCost"": ""10.00"", ""purchases"": {""exact"": 3, ""over"": 4, ""under"": 3}}",true duplicate,docs/acceptance-fixtures.json::exact-purchase-boundaries,tests/engine/fixtures.test.ts::NUM fixtures — production engine (acceptance-fixtures.json) > exact-purchase-boundaries (paint); docs/verify_reference.py::exact-purchase-boundaries,"Both engines purchase exactly 3 gal at the exact-3 boundary, 3 gal for 2.9999999999 (never spuriously rounds up), and 4 gal for 3.0000000001 (a genuine excess is never epsilon-truncated), cost 10.00 total. The ""over"" boundary is independently re-derived in tests/mutation/mutation.test.ts.",passed,Identical inputs and expected outputs (field-for-field) to the canonical acceptance-fixtures.json case -- same id minus the NUM- prefix.
NUM-wall-service,acceptance-fixtures.json,Fixed arithmetic regression,"GIVEN {""additionalHours"": ""0"", ""applicationHours"": ""1/75"", ""areaPerUnit"": ""1"", ""coats"": 2, ""coverage"": ""350"", ""expenses"": ""0"", ""laborRate"": ""32"", ""overheadRatio"": ""0.15"", ""paintPrice"": ""42"", ""price"": ""1.80"", ""supplies"": ""0"", ""targetRatio"": ""0.35"", ""wasteRatio"": ""0.1""} WHEN Run equivalent production calculation for kind service","{""approxPrice"": ""1.22"", ""costPerUnit"": ""0.794267"", ""laborPerUnit"": ""0.426667"", ""marginPercent"": ""55.9"", ""minimumPrice"": ""1.23"", ""paintPerUnit"": ""0.264000""}",true duplicate,docs/acceptance-fixtures.json::wall-service,tests/engine/fixtures.test.ts::NUM fixtures — production engine (acceptance-fixtures.json) > wall-service (service); docs/verify_reference.py::wall-service,"Both engines compute paintPerUnit 0.264000, laborPerUnit 0.426667, costPerUnit 0.794267, margin 55.9% at price 1.80, approxPrice 1.22, minimumPrice 1.23. The same modeledCostPerUnit/margin is independently re-confirmed in tests/engine/serviceHealth.test.ts (HEALTH-04) and the approx-vs-minimum-cent boundary in tests/mutation/mutation.test.ts.",passed,Identical inputs and expected outputs (field-for-field) to the canonical acceptance-fixtures.json case -- same id minus the NUM- prefix.
NUM-trim-surface,acceptance-fixtures.json,Fixed arithmetic regression,"GIVEN {""coats"": 2, ""coverage"": ""350"", ""developedWidth"": ""0.5"", ""laborRate"": ""32"", ""length"": ""100"", ""paintPrice"": ""42"", ""surfaceKind"": ""trim"", ""throughput"": ""40"", ""wasteRatio"": ""0.1""} WHEN Run equivalent production calculation for kind surface","{""area"": ""50.00"", ""hours"": ""5.000000"", ""laborCost"": ""160.00"", ""paintCost"": ""42.00"", ""purchasedGallons"": 1, ""rawGallons"": ""0.314286""}",true duplicate,docs/acceptance-fixtures.json::trim-surface,tests/engine/fixtures.test.ts::NUM fixtures — production engine (acceptance-fixtures.json) > trim-surface (surface); docs/verify_reference.py::trim-surface,"Both engines compute area 50.00 ft2, rawGallons 0.314286, purchasedGallons 1, hours 5.000000, laborCost 160.00, paintCost 42.00 — matching the fixture.",passed,Identical inputs and expected outputs (field-for-field) to the canonical acceptance-fixtures.json case -- same id minus the NUM- prefix.
NUM-door-two-faces,acceptance-fixtures.json,Fixed arithmetic regression,"GIVEN {""coats"": 2, ""count"": 1, ""coverage"": ""350"", ""height"": ""7"", ""hoursPerSidePerCoat"": ""0.75"", ""laborRate"": ""32"", ""paintPrice"": ""42"", ""sides"": 2, ""surfaceKind"": ""door"", ""wasteRatio"": ""0.1"", ""width"": ""3""} WHEN Run equivalent production calculation for kind surface","{""area"": ""42.00"", ""hours"": ""3.000000"", ""laborCost"": ""96.00"", ""paintCost"": ""42.00"", ""purchasedGallons"": 1, ""rawGallons"": ""0.264000""}",true duplicate,docs/acceptance-fixtures.json::door-two-faces,tests/engine/fixtures.test.ts::NUM fixtures — production engine (acceptance-fixtures.json) > door-two-faces (surface); docs/verify_reference.py::door-two-faces,"Both engines compute area 42.00 ft2, rawGallons 0.264000, purchasedGallons 1, hours 3.000000, laborCost 96.00, paintCost 42.00 — matching the fixture.",passed,Identical inputs and expected outputs (field-for-field) to the canonical acceptance-fixtures.json case -- same id minus the NUM- prefix.
NUM-actual-final,acceptance-fixtures.json,Fixed arithmetic regression,"GIVEN {""baselineCost"": ""2185"", ""baselinePrice"": ""3200"", ""expenses"": ""100"", ""labor"": ""1400"", ""materials"": ""700"", ""overhead"": ""285""} WHEN Run equivalent production calculation for kind actual","{""actualCost"": ""2485.00"", ""marginPercent"": ""22.3"", ""profit"": ""715.00"", ""totalVariance"": ""300.00""}",true duplicate,docs/acceptance-fixtures.json::actual-final,tests/engine/fixtures.test.ts::NUM fixtures — production engine (acceptance-fixtures.json) > actual-final (actual); docs/verify_reference.py::actual-final,"Both engines compute actualCost 2485.00, profit 715.00, margin 22.3%, totalVariance 300.00 — matching the fixture.",passed,Identical inputs and expected outputs (field-for-field) to the canonical acceptance-fixtures.json case -- same id minus the NUM- prefix.
NUM-actual-final-loss,acceptance-fixtures.json,Fixed arithmetic regression,"GIVEN {""baselineCost"": ""2185"", ""baselinePrice"": ""3200"", ""expenses"": ""200"", ""labor"": ""2000"", ""materials"": ""1000"", ""overhead"": ""300""} WHEN Run equivalent production calculation for kind actual","{""actualCost"": ""3500.00"", ""marginPercent"": ""-9.4"", ""profit"": ""-300.00"", ""totalVariance"": ""1315.00""}",true duplicate,docs/acceptance-fixtures.json::actual-final-loss,tests/engine/fixtures.test.ts::NUM fixtures — production engine (acceptance-fixtures.json) > actual-final-loss (actual); docs/verify_reference.py::actual-final-loss,"Both engines compute actualCost 3500.00, profit -300.00, margin -9.4%, totalVariance 1315.00. The identical inputs are independently re-run in tests/mutation/mutation.test.ts (margin-gating guard), confirming a negative margin is still reported, not nulled.",passed,Identical inputs and expected outputs (field-for-field) to the canonical acceptance-fixtures.json case -- same id minus the NUM- prefix.
NUM-actual-zero-price,acceptance-fixtures.json,Fixed arithmetic regression,"GIVEN {""baselineCost"": ""100"", ""baselinePrice"": ""0"", ""expenses"": ""0"", ""labor"": ""0"", ""materials"": ""100"", ""overhead"": ""0""} WHEN Run equivalent production calculation for kind actual","{""actualCost"": ""100.00"", ""marginPercent"": null, ""profit"": ""-100.00"", ""totalVariance"": ""0.00""}",true duplicate,docs/acceptance-fixtures.json::actual-zero-price,tests/engine/fixtures.test.ts::NUM fixtures — production engine (acceptance-fixtures.json) > actual-zero-price (actual); docs/verify_reference.py::actual-zero-price,"Both engines compute actualCost 100.00, profit -100.00, margin null (baselinePrice is 0), totalVariance 0.00 — matching the fixture.",passed,Identical inputs and expected outputs (field-for-field) to the canonical acceptance-fixtures.json case -- same id minus the NUM- prefix.
BOUND-001,CALCULATION_SPEC.md §1,Boundary matrix,GIVEN Otherwise valid active coats field with value 1 WHEN Validate field separately from complete project,accepted at field validation; zero-count project can still fail issue gate; unusual-value warnings still apply.,uniquely required,,tests/domain/boundaryFieldAcceptance.test.ts::BOUND-001/002,coats=1 and coats=5 both valid,passed,
BOUND-002,CALCULATION_SPEC.md §1,Boundary matrix,GIVEN Otherwise valid active coats field with value 5 WHEN Validate field separately from complete project,accepted at field validation; zero-count project can still fail issue gate; unusual-value warnings still apply.,uniquely required,,tests/domain/boundaryFieldAcceptance.test.ts::BOUND-001/002,coats=5 valid,passed,
BOUND-003,CALCULATION_SPEC.md §1,Boundary matrix,GIVEN Otherwise valid active coats field with value 0 WHEN Validate field separately from complete project,rejected as out of range; zero-count project can still fail issue gate; unusual-value warnings still apply.,uniquely required,,tests/domain/boundaryFieldAcceptance.test.ts::BOUND-001/002,coats=0 invalid,passed,
BOUND-004,CALCULATION_SPEC.md §1,Boundary matrix,GIVEN Otherwise valid active coats field with value 6 WHEN Validate field separately from complete project,rejected as out of range; zero-count project can still fail issue gate; unusual-value warnings still apply.,uniquely required,,tests/domain/boundaryFieldAcceptance.test.ts::BOUND-001/002,coats=6 invalid,passed,
BOUND-005,CALCULATION_SPEC.md §1,Boundary matrix,GIVEN Otherwise valid coats=1.5 WHEN Validate integer requirement,Reject fractional count/coats; do not truncate.,uniquely required,,tests/ui/shared.test.ts::rejects a non-integer instead of silently truncating it (BOUND-005),coats=1.5 invalid,passed,
BOUND-006,CALCULATION_SPEC.md §1,Boundary matrix,GIVEN Otherwise valid active targetMarginRatio field with value 0 WHEN Validate field separately from complete project,accepted at field validation; zero-count project can still fail issue gate; unusual-value warnings still apply.,uniquely required,,tests/domain/boundaryFieldAcceptance.test.ts::BOUND-006/007,targetMarginRatio=0 valid,passed,
BOUND-007,CALCULATION_SPEC.md §1,Boundary matrix,GIVEN Otherwise valid active targetMarginRatio field with value 0.999 WHEN Validate field separately from complete project,accepted at field validation; zero-count project can still fail issue gate; unusual-value warnings still apply.,uniquely required,,tests/domain/boundaryFieldAcceptance.test.ts::BOUND-006/007,targetMarginRatio=0.999 valid,passed,
BOUND-008,CALCULATION_SPEC.md §1,Boundary matrix,GIVEN Otherwise valid active targetMarginRatio field with value -0.001 WHEN Validate field separately from complete project,rejected as out of range; zero-count project can still fail issue gate; unusual-value warnings still apply.,uniquely required,,tests/domain/boundaryFieldAcceptance.test.ts::BOUND-008 (added this session),targetMarginRatio=-0.001 invalid,passed,
BOUND-009,CALCULATION_SPEC.md §1,Boundary matrix,GIVEN Otherwise valid active targetMarginRatio field with value 1 WHEN Validate field separately from complete project,rejected as out of range; zero-count project can still fail issue gate; unusual-value warnings still apply.,uniquely required,,tests/domain/boundaryFieldAcceptance.test.ts::BOUND-006/007 (exactly 1 case),targetMarginRatio=1 invalid,passed,
BOUND-010,CALCULATION_SPEC.md §1,Boundary matrix,GIVEN Otherwise valid active overheadRatio field with value 0 WHEN Validate field separately from complete project,accepted at field validation; zero-count project can still fail issue gate; unusual-value warnings still apply.,uniquely required,,tests/domain/boundaryFieldAcceptance.test.ts::BOUND-010/011,overheadRatio=0 valid,passed,
BOUND-011,CALCULATION_SPEC.md §1,Boundary matrix,GIVEN Otherwise valid active overheadRatio field with value 1 WHEN Validate field separately from complete project,accepted at field validation; zero-count project can still fail issue gate; unusual-value warnings still apply.,uniquely required,,tests/domain/boundaryFieldAcceptance.test.ts::BOUND-010/011,overheadRatio=1 valid,passed,
BOUND-012,CALCULATION_SPEC.md §1,Boundary matrix,GIVEN Otherwise valid active overheadRatio field with value -0.001 WHEN Validate field separately from complete project,rejected as out of range; zero-count project can still fail issue gate; unusual-value warnings still apply.,uniquely required,,tests/domain/boundaryMatrix.test.ts::BOUND-012/013,overheadRatio=-0.001 invalid,passed,
BOUND-013,CALCULATION_SPEC.md §1,Boundary matrix,GIVEN Otherwise valid active overheadRatio field with value 1.001 WHEN Validate field separately from complete project,rejected as out of range; zero-count project can still fail issue gate; unusual-value warnings still apply.,uniquely required,,tests/domain/boundaryMatrix.test.ts::BOUND-012/013,overheadRatio=1.001 invalid,passed,
BOUND-014,CALCULATION_SPEC.md §1,Boundary matrix,GIVEN Otherwise valid active wasteRatio field with value 0 WHEN Validate field separately from complete project,accepted at field validation; zero-count project can still fail issue gate; unusual-value warnings still apply.,uniquely required,,tests/domain/boundaryMatrix.test.ts::BOUND-014..017,wasteRatio=0,passed,
BOUND-015,CALCULATION_SPEC.md §1,Boundary matrix,GIVEN Otherwise valid active wasteRatio field with value 1 WHEN Validate field separately from complete project,accepted at field validation; zero-count project can still fail issue gate; unusual-value warnings still apply.,uniquely required,,tests/domain/boundaryMatrix.test.ts::BOUND-014..017,wasteRatio=1,passed,
BOUND-016,CALCULATION_SPEC.md §1,Boundary matrix,GIVEN Otherwise valid active wasteRatio field with value -0.001 WHEN Validate field separately from complete project,rejected as out of range; zero-count project can still fail issue gate; unusual-value warnings still apply.,uniquely required,,tests/domain/boundaryMatrix.test.ts::BOUND-014..017,wasteRatio=-0.001,passed,
BOUND-017,CALCULATION_SPEC.md §1,Boundary matrix,GIVEN Otherwise valid active wasteRatio field with value 1.001 WHEN Validate field separately from complete project,rejected as out of range; zero-count project can still fail issue gate; unusual-value warnings still apply.,uniquely required,,tests/domain/boundaryMatrix.test.ts::BOUND-014..017,wasteRatio=1.001,passed,
BOUND-018,CALCULATION_SPEC.md §1,Boundary matrix,GIVEN Otherwise valid active roomDimensionFt field with value 0.001 WHEN Validate field separately from complete project,accepted at field validation; zero-count project can still fail issue gate; unusual-value warnings still apply.,uniquely required,,tests/domain/boundaryMatrix.test.ts::BOUND-018..021,roomDimensionFt=0.001,passed,
BOUND-019,CALCULATION_SPEC.md §1,Boundary matrix,GIVEN Otherwise valid active roomDimensionFt field with value 100000 WHEN Validate field separately from complete project,accepted at field validation; zero-count project can still fail issue gate; unusual-value warnings still apply.,uniquely required,,tests/domain/boundaryMatrix.test.ts::BOUND-018..021,roomDimensionFt=100000,passed,
BOUND-020,CALCULATION_SPEC.md §1,Boundary matrix,GIVEN Otherwise valid active roomDimensionFt field with value 0 WHEN Validate field separately from complete project,rejected as out of range; zero-count project can still fail issue gate; unusual-value warnings still apply.,uniquely required,,tests/domain/boundaryMatrix.test.ts::BOUND-018..021,roomDimensionFt=0,passed,
BOUND-021,CALCULATION_SPEC.md §1,Boundary matrix,GIVEN Otherwise valid active roomDimensionFt field with value 100000.001 WHEN Validate field separately from complete project,rejected as out of range; zero-count project can still fail issue gate; unusual-value warnings still apply.,uniquely required,,tests/domain/boundaryMatrix.test.ts::BOUND-018..021,roomDimensionFt=100000.001,passed,
BOUND-022,CALCULATION_SPEC.md §1,Boundary matrix,GIVEN Otherwise valid active manualAreaFt2 field with value 0.001 WHEN Validate field separately from complete project,accepted at field validation; zero-count project can still fail issue gate; unusual-value warnings still apply.,uniquely required,,tests/domain/boundaryMatrix.test.ts::BOUND-022..025,manualAreaFt2=0.001,passed,
BOUND-023,CALCULATION_SPEC.md §1,Boundary matrix,GIVEN Otherwise valid active manualAreaFt2 field with value 1000000000 WHEN Validate field separately from complete project,accepted at field validation; zero-count project can still fail issue gate; unusual-value warnings still apply.,uniquely required,,tests/domain/boundaryMatrix.test.ts::BOUND-022..025,manualAreaFt2=1000000000,passed,
BOUND-024,CALCULATION_SPEC.md §1,Boundary matrix,GIVEN Otherwise valid active manualAreaFt2 field with value 0 WHEN Validate field separately from complete project,rejected as out of range; zero-count project can still fail issue gate; unusual-value warnings still apply.,uniquely required,,tests/domain/boundaryMatrix.test.ts::BOUND-022..025,manualAreaFt2=0,passed,
BOUND-025,CALCULATION_SPEC.md §1,Boundary matrix,GIVEN Otherwise valid active manualAreaFt2 field with value 1000000000.001 WHEN Validate field separately from complete project,rejected as out of range; zero-count project can still fail issue gate; unusual-value warnings still apply.,uniquely required,,tests/domain/boundaryMatrix.test.ts::BOUND-022..025,manualAreaFt2=1000000000.001,passed,
BOUND-026,CALCULATION_SPEC.md §1,Boundary matrix,GIVEN Otherwise valid active trimLengthFt field with value 0 WHEN Validate field separately from complete project,accepted at field validation; zero-count project can still fail issue gate; unusual-value warnings still apply.,uniquely required,,tests/domain/boundaryMatrix.test.ts::BOUND-026..029,trimLengthFt=0,passed,
BOUND-027,CALCULATION_SPEC.md §1,Boundary matrix,GIVEN Otherwise valid active trimLengthFt field with value 1000000 WHEN Validate field separately from complete project,accepted at field validation; zero-count project can still fail issue gate; unusual-value warnings still apply.,uniquely required,,tests/domain/boundaryMatrix.test.ts::BOUND-026..029,trimLengthFt=1000000,passed,
BOUND-028,CALCULATION_SPEC.md §1,Boundary matrix,GIVEN Otherwise valid active trimLengthFt field with value -0.001 WHEN Validate field separately from complete project,rejected as out of range; zero-count project can still fail issue gate; unusual-value warnings still apply.,uniquely required,,tests/domain/boundaryMatrix.test.ts::BOUND-026..029,trimLengthFt=-0.001,passed,
BOUND-029,CALCULATION_SPEC.md §1,Boundary matrix,GIVEN Otherwise valid active trimLengthFt field with value 1000000.001 WHEN Validate field separately from complete project,rejected as out of range; zero-count project can still fail issue gate; unusual-value warnings still apply.,uniquely required,,tests/domain/boundaryMatrix.test.ts::BOUND-026..029,trimLengthFt=1000000.001,passed,
BOUND-030,CALCULATION_SPEC.md §1,Boundary matrix,GIVEN Otherwise valid active doorCount field with value 0 WHEN Validate field separately from complete project,accepted at field validation; zero-count project can still fail issue gate; unusual-value warnings still apply.,uniquely required,,tests/domain/boundaryFieldAcceptance.test.ts::BOUND-030: doorCount=0 is a valid field value,doorCount=0 valid,passed,
BOUND-031,CALCULATION_SPEC.md §1,Boundary matrix,GIVEN Otherwise valid active doorCount field with value 100000 WHEN Validate field separately from complete project,accepted at field validation; zero-count project can still fail issue gate; unusual-value warnings still apply.,uniquely required,,tests/domain/boundaryFieldAcceptance.test.ts::BOUND-031: doorCount=100000,doorCount=100000 valid,passed,
BOUND-032,CALCULATION_SPEC.md §1,Boundary matrix,GIVEN Otherwise valid active doorCount field with value -1 WHEN Validate field separately from complete project,rejected as out of range; zero-count project can still fail issue gate; unusual-value warnings still apply.,uniquely required,,tests/domain/boundaryFieldAcceptance.test.ts::BOUND-032: doorCount=-1 rejected,doorCount=-1 invalid,passed,
BOUND-033,CALCULATION_SPEC.md §1,Boundary matrix,GIVEN Otherwise valid active doorCount field with value 100001 WHEN Validate field separately from complete project,rejected as out of range; zero-count project can still fail issue gate; unusual-value warnings still apply.,uniquely required,,tests/domain/boundaryFieldAcceptance.test.ts::one above the maximum (100001) is also rejected,doorCount=100001 invalid,passed,
BOUND-034,CALCULATION_SPEC.md §1,Boundary matrix,GIVEN Otherwise valid doorCount=1.5 WHEN Validate integer requirement,Reject fractional count/coats; do not truncate.,uniquely required,,tests/engine/parse.test.ts (isValidOpeningCount + estimateAssembly door/window fractional-count rejection),doorCount=1.5 invalid,passed,
BOUND-035,CALCULATION_SPEC.md §1,Boundary matrix,GIVEN Otherwise valid active hours field with value 0 WHEN Validate field separately from complete project,accepted at field validation; zero-count project can still fail issue gate; unusual-value warnings still apply.,uniquely required,,tests/domain/boundaryMatrix.test.ts::BOUND-035..038,additionalLabor hours=0,passed,
BOUND-036,CALCULATION_SPEC.md §1,Boundary matrix,GIVEN Otherwise valid active hours field with value 1000000 WHEN Validate field separately from complete project,accepted at field validation; zero-count project can still fail issue gate; unusual-value warnings still apply.,uniquely required,,tests/domain/boundaryMatrix.test.ts::BOUND-035..038,additionalLabor hours=1000000,passed,
BOUND-037,CALCULATION_SPEC.md §1,Boundary matrix,GIVEN Otherwise valid active hours field with value -0.001 WHEN Validate field separately from complete project,rejected as out of range; zero-count project can still fail issue gate; unusual-value warnings still apply.,uniquely required,,tests/domain/boundaryMatrix.test.ts::BOUND-035..038,additionalLabor hours=-0.001,passed,
BOUND-038,CALCULATION_SPEC.md §1,Boundary matrix,GIVEN Otherwise valid active hours field with value 1000000.001 WHEN Validate field separately from complete project,rejected as out of range; zero-count project can still fail issue gate; unusual-value warnings still apply.,uniquely required,,tests/domain/boundaryMatrix.test.ts::BOUND-035..038,additionalLabor hours=1000000.001,passed,
BOUND-039,CALCULATION_SPEC.md §1,Boundary matrix,GIVEN Otherwise valid active moneyAmount field with value 0 WHEN Validate field separately from complete project,accepted at field validation; zero-count project can still fail issue gate; unusual-value warnings still apply.,uniquely required,,tests/domain/boundaryMatrix.test.ts::BOUND-039..042,otherExpenses amount=0,passed,
BOUND-040,CALCULATION_SPEC.md §1,Boundary matrix,GIVEN Otherwise valid active moneyAmount field with value 1000000000 WHEN Validate field separately from complete project,accepted at field validation; zero-count project can still fail issue gate; unusual-value warnings still apply.,uniquely required,,tests/domain/boundaryMatrix.test.ts::BOUND-039..042,otherExpenses amount=1000000000,passed,
BOUND-041,CALCULATION_SPEC.md §1,Boundary matrix,GIVEN Otherwise valid active moneyAmount field with value -0.01 WHEN Validate field separately from complete project,rejected as out of range; zero-count project can still fail issue gate; unusual-value warnings still apply.,uniquely required,,tests/domain/boundaryMatrix.test.ts::BOUND-039..042,otherExpenses amount=-0.01,passed,
BOUND-042,CALCULATION_SPEC.md §1,Boundary matrix,GIVEN Otherwise valid active moneyAmount field with value 1000000000.01 WHEN Validate field separately from complete project,rejected as out of range; zero-count project can still fail issue gate; unusual-value warnings still apply.,uniquely required,,tests/domain/boundaryMatrix.test.ts::BOUND-039..042,otherExpenses amount=1000000000.01,passed,
BOUND-043,CALCULATION_SPEC.md §1,Boundary matrix,GIVEN Otherwise valid active throughput field with value 0.001 WHEN Validate field separately from complete project,accepted at field validation; zero-count project can still fail issue gate; unusual-value warnings still apply.,uniquely required,,tests/domain/boundaryMatrix.test.ts::BOUND-043..046,throughput=0.001,passed,
BOUND-044,CALCULATION_SPEC.md §1,Boundary matrix,GIVEN Otherwise valid active throughput field with value 1000000 WHEN Validate field separately from complete project,accepted at field validation; zero-count project can still fail issue gate; unusual-value warnings still apply.,uniquely required,,tests/domain/boundaryMatrix.test.ts::BOUND-043..046,throughput=1000000,passed,
BOUND-045,CALCULATION_SPEC.md §1,Boundary matrix,GIVEN Otherwise valid active throughput field with value 0 WHEN Validate field separately from complete project,rejected as out of range; zero-count project can still fail issue gate; unusual-value warnings still apply.,uniquely required,,tests/domain/boundaryMatrix.test.ts::BOUND-043..046,throughput=0,passed,
BOUND-046,CALCULATION_SPEC.md §1,Boundary matrix,GIVEN Otherwise valid active throughput field with value 1000000.001 WHEN Validate field separately from complete project,rejected as out of range; zero-count project can still fail issue gate; unusual-value warnings still apply.,uniquely required,,tests/domain/boundaryMatrix.test.ts::BOUND-043..046,throughput=1000000.001,passed,
BOUND-047,CALCULATION_SPEC.md §1,Boundary matrix,GIVEN Otherwise valid active roomCount field with value 0 WHEN Validate field separately from complete project,accepted at field validation; zero-count project can still fail issue gate; unusual-value warnings still apply.,uniquely required,,"tests/domain/coreRequirements.test.ts, tests/domain/estimateAssembly.test.ts, others using rooms: []","roomCount=0 (no rooms, standalone surfaces only) completes",passed,
BOUND-048,CALCULATION_SPEC.md §1,Boundary matrix,GIVEN Otherwise valid active roomCount field with value 500 WHEN Validate field separately from complete project,accepted at field validation; zero-count project can still fail issue gate; unusual-value warnings still apply.,uniquely required,,tests/domain/boundaryMatrix.test.ts::BOUND-047..051 (accepts exactly 500 rooms),roomCount=500 valid,passed,
BOUND-049,CALCULATION_SPEC.md §1,Boundary matrix,GIVEN Otherwise valid active roomCount field with value -1 WHEN Validate field separately from complete project,rejected as out of range; zero-count project can still fail issue gate; unusual-value warnings still apply.,out of tools-only scope,,(not yet executed),"There is no numeric ""room count"" field a user could ever set to -1 — rooms are a plain array manipulated via add/remove UI actions. This boundary case does not map onto any real input in the current implementation.",not_applicable,"roomCount is revision.rooms.length, a derived array length -- cannot be negative in this data model. Not a reachable code path."
BOUND-050,CALCULATION_SPEC.md §1,Boundary matrix,GIVEN Otherwise valid active roomCount field with value 501 WHEN Validate field separately from complete project,rejected as out of range; zero-count project can still fail issue gate; unusual-value warnings still apply.,uniquely required,,tests/domain/boundaryMatrix.test.ts::BOUND-047..051 (rejects 501 rooms),roomCount=501 invalid,passed,
BOUND-051,CALCULATION_SPEC.md §1,Boundary matrix,GIVEN Otherwise valid roomCount=1.5 WHEN Validate integer requirement,Reject fractional count/coats; do not truncate.,out of tools-only scope,,(not yet executed),No numeric room-count field exists to which a fractional-rejection rule (1.5) could even apply.,not_applicable,"roomCount is an array length, always an integer -- fractional roomCount cannot occur."
BOUND-052,CALCULATION_SPEC.md §1,Boundary matrix,GIVEN Otherwise valid active surfaceCount field with value 0 WHEN Validate field separately from complete project,accepted at field validation; zero-count project can still fail issue gate; unusual-value warnings still apply.,uniquely required,,tests/domain/estimateAssembly.ts (enabledSurfaces.length === 0 -> incomplete) + boundaryMatrix.test.ts,"surfaceCount=0 is a valid count value (though 0 ENABLED surfaces specifically yields ""incomplete"", not ""complete"" -- a distinct, separately-covered gate)",passed,
BOUND-053,CALCULATION_SPEC.md §1,Boundary matrix,GIVEN Otherwise valid active surfaceCount field with value 2000 WHEN Validate field separately from complete project,accepted at field validation; zero-count project can still fail issue gate; unusual-value warnings still apply.,uniquely required,,tests/domain/boundaryMatrix.test.ts::BOUND-052..056 (accepts exactly 2000 surfaces),surfaceCount=2000 valid,passed,
BOUND-054,CALCULATION_SPEC.md §1,Boundary matrix,GIVEN Otherwise valid active surfaceCount field with value -1 WHEN Validate field separately from complete project,rejected as out of range; zero-count project can still fail issue gate; unusual-value warnings still apply.,out of tools-only scope,,(not yet executed),"No numeric ""surface count"" field exists that could be set to -1; surfaces are added/removed individually.",not_applicable,"surfaceCount is revision.surfaces.length, a derived array length -- cannot be negative."
BOUND-055,CALCULATION_SPEC.md §1,Boundary matrix,GIVEN Otherwise valid active surfaceCount field with value 2001 WHEN Validate field separately from complete project,rejected as out of range; zero-count project can still fail issue gate; unusual-value warnings still apply.,uniquely required,,tests/domain/boundaryMatrix.test.ts::BOUND-052..056 (rejects 2001 surfaces),surfaceCount=2001 invalid,passed,
BOUND-056,CALCULATION_SPEC.md §1,Boundary matrix,GIVEN Otherwise valid surfaceCount=1.5 WHEN Validate integer requirement,Reject fractional count/coats; do not truncate.,out of tools-only scope,,(not yet executed),No numeric surface-count field exists to which a fractional-rejection rule (1.5) could even apply.,not_applicable,"surfaceCount is an array length, always an integer -- fractional surfaceCount cannot occur."
BOUND-057,CALCULATION_SPEC.md §1,Boundary matrix,GIVEN Otherwise valid active documentLineCount field with value 0 WHEN Validate field separately from complete project,accepted at field validation; zero-count project can still fail issue gate; unusual-value warnings still apply.,uniquely required,,tests/domain/boundaryMatrix.test.ts (documentLineCount is additionalLabor+otherMaterialLines+otherExpenses combined length),documentLineCount=0 valid,passed,
BOUND-058,CALCULATION_SPEC.md §1,Boundary matrix,GIVEN Otherwise valid active documentLineCount field with value 2000 WHEN Validate field separately from complete project,accepted at field validation; zero-count project can still fail issue gate; unusual-value warnings still apply.,uniquely required,,tests/domain/boundaryMatrix.test.ts::BOUND-057..061 (accepts exactly 2000 combined lines),documentLineCount=2000 valid,passed,
BOUND-059,CALCULATION_SPEC.md §1,Boundary matrix,GIVEN Otherwise valid active documentLineCount field with value -1 WHEN Validate field separately from complete project,rejected as out of range; zero-count project can still fail issue gate; unusual-value warnings still apply.,out of tools-only scope,,(not yet executed),"No numeric ""document line count"" field exists that could be set to -1; lines are added/removed individually via row actions.",not_applicable,documentLineCount is a sum of array lengths -- cannot be negative.
BOUND-060,CALCULATION_SPEC.md §1,Boundary matrix,GIVEN Otherwise valid active documentLineCount field with value 2001 WHEN Validate field separately from complete project,rejected as out of range; zero-count project can still fail issue gate; unusual-value warnings still apply.,uniquely required,,tests/domain/boundaryMatrix.test.ts::BOUND-057..061 (rejects 2001 combined lines),documentLineCount=2001 invalid,passed,
BOUND-061,CALCULATION_SPEC.md §1,Boundary matrix,GIVEN Otherwise valid documentLineCount=1.5 WHEN Validate integer requirement,Reject fractional count/coats; do not truncate.,out of tools-only scope,,(not yet executed),No numeric document-line-count field exists to which a fractional-rejection rule (1.5) could even apply.,not_applicable,"documentLineCount is a sum of array lengths, always an integer -- fractional value cannot occur."
