case_id,file,test_name,status
DET-0001,tests/domain/aggregateLimits.test.ts,"AGG-001: aggregate raw paint demand / purchased gallons beyond the supported range is a structured invalid result, never Infinity/NaN > an individually-valid-but-tiny catalog coverage combined with the max allowed area inflates raw demand past the cap -> invalid, outOfSupportedRange, no aggregate/materials computed",passed
DET-0002,tests/domain/aggregateLimits.test.ts,"AGG-001: aggregate raw paint demand / purchased gallons beyond the supported range is a structured invalid result, never Infinity/NaN > the same shape just inside the cap still computes a real complete result (proves this is a genuine boundary, not an overly aggressive rejection)",passed
DET-0003,tests/domain/aggregateLimits.test.ts,AGG-002: aggregate labor hours beyond the supported range is a structured invalid result > the max allowed area at the minimum allowed positive throughput inflates total labor hours past the cap,passed
DET-0004,tests/domain/aggregateLimits.test.ts,"AGG-003: aggregate monetary totals (materials, labor cost, direct cost, overhead, job cost) beyond the supported range are structured invalid results > materials cost: a large purchase at the maximum catalog price per gallon exceeds the cap even though area/coverage/price are each individually valid",passed
DET-0005,tests/domain/aggregateLimits.test.ts,"AGG-003: aggregate monetary totals (materials, labor cost, direct cost, overhead, job cost) beyond the supported range are structured invalid results > labor cost: hours within the aggregate-hours cap at the maximum rate still exceeds the monetary cap",passed
DET-0006,tests/domain/aggregateLimits.test.ts,"AGG-003: aggregate monetary totals (materials, labor cost, direct cost, overhead, job cost) beyond the supported range are structured invalid results > a custom entered price beyond the cap is rejected as an ordinary invalid field -- never becomes a plausible issueable price",passed
DET-0007,tests/domain/aggregateLimits.test.ts,"AGG-003: aggregate monetary totals (materials, labor cost, direct cost, overhead, job cost) beyond the supported range are structured invalid results > a custom price exactly at the cap is accepted (proves the boundary is exact, not overly aggressive)",passed
DET-0008,tests/domain/aggregateLimits.test.ts,"AGG-003: aggregate monetary totals (materials, labor cost, direct cost, overhead, job cost) beyond the supported range are structured invalid results > GENUINE GAP: a job cost within the new aggregate cap can still make requiredPriceRaw itself report out_of_supported_range at an extreme target margin -- this must surface as invalid, never a ""complete"" result with a silently-null price",passed
DET-0009,tests/domain/aggregateLimits.test.ts,"AGG-004: draft-saving and the issue gate treat an out-of-supported-range result exactly like any other invalid calculation > checkIssueGate blocks issuing an out-of-range revision with the same ""not complete"" reason as any other invalid calculation",passed
DET-0010,tests/domain/aggregateLimits.test.ts,"AGG-004: draft-saving and the issue gate treat an out-of-supported-range result exactly like any other invalid calculation > nothing in assembleProjectEstimate's out-of-range path prevents a revision from being constructed/stored as a draft -- calculationState is just a field, never a precondition for the object to exist",passed
DET-0011,tests/domain/aggregateLimits.test.ts,"AGG-005: an actual-cost review total beyond the supported range is a structured invalid/blocked state, not a silently huge ""final"" number > four confirmed categories each individually within the monetary cap can still sum past it -- the total must never be reported as a plausible final figure",passed
DET-0012,tests/domain/aggregateLimits.test.ts,"AGG-005: an actual-cost review total beyond the supported range is a structured invalid/blocked state, not a silently huge ""final"" number > the same shape just inside the cap still finalizes normally (proves this is a genuine boundary)",passed
DET-0013,tests/domain/aggregateLimits.test.ts,"AGG-006: a previously-issued frozen document with an aggregate that would exceed TODAY's cap still renders exactly as recorded -- frozen output is never re-validated > buildCustomerDocument never inspects proposedPrice's magnitude at all -- an old frozen total (however large) passes through unchanged, matching the same ""issued data is exempt"" principle as BACK-026's engine-version gate",passed
DET-0014,tests/domain/backup.test.ts,"BACK-D07: exportBackup preserves accumulated importProvenance, never resets it (item 6) > REGRESSION: a real, non-empty existing provenance list is included in the export, not silently wiped to []",passed
DET-0015,tests/domain/backup.test.ts,"BACK-D07: exportBackup preserves accumulated importProvenance, never resets it (item 6) > defaults to an empty list when the installation has no accumulated provenance yet",passed
DET-0016,tests/domain/backup.test.ts,BACK-D11: validation rejects before any write > rejects a wrong/missing schemaVersion,passed
DET-0017,tests/domain/backup.test.ts,BACK-D11: validation rejects before any write > rejects an oversized file before parsing further,passed
DET-0018,tests/domain/backup.test.ts,BACK-D11: validation rejects before any write > rejects duplicate paint variant IDs,passed
DET-0019,tests/domain/backup.test.ts,BACK-D11: validation rejects before any write > rejects a project revision missing its embedded rate snapshot (dangling reference),passed
DET-0020,tests/domain/backup.test.ts,BACK-D11: validation rejects before any write > accepts a well-formed envelope,passed
DET-0021,tests/domain/backup.test.ts,BACK-015: an actual-review baseline pointing at a missing revision is a dangling reference > rejects an actualReview whose baselineIssuedRevisionId does not match any revision in the same project,passed
DET-0022,tests/domain/backup.test.ts,BACK-015: an actual-review baseline pointing at a missing revision is a dangling reference > accepts an actualReview whose baseline correctly matches an existing ISSUED revision,passed
DET-0023,tests/domain/backup.test.ts,"V5-06 (related path): import validation of rawCalculatedOutputs, previously never checked at all > rejects an imported revision whose rawCalculatedOutputs contains a NaN jobCost",passed
DET-0024,tests/domain/backup.test.ts,"V5-06 (related path): import validation of rawCalculatedOutputs, previously never checked at all > accepts a null rawCalculatedOutputs (a draft, or an issued revision predating the freeze mechanism)",passed
DET-0025,tests/domain/backup.test.ts,"V5-06 (related path): import validation of rawCalculatedOutputs, previously never checked at all > accepts a well-formed rawCalculatedOutputs, including a negative profit/margin (a real loss)",passed
DET-0026,tests/domain/backup.test.ts,"BACK-020: unknown enums, negative costs, and non-decimal scalars in imported financial data are rejected, never silently coerced > rejects a paint variant with a negative price",passed
DET-0027,tests/domain/backup.test.ts,"BACK-020: unknown enums, negative costs, and non-decimal scalars in imported financial data are rejected, never silently coerced > rejects a paint variant with a non-decimal price scalar",passed
DET-0028,tests/domain/backup.test.ts,"BACK-020: unknown enums, negative costs, and non-decimal scalars in imported financial data are rejected, never silently coerced > rejects a revision with an unknown state enum value",passed
DET-0029,tests/domain/backup.test.ts,"BACK-020: unknown enums, negative costs, and non-decimal scalars in imported financial data are rejected, never silently coerced > rejects a revision with a negative proposedPrice",passed
DET-0030,tests/domain/backup.test.ts,"BACK-020: unknown enums, negative costs, and non-decimal scalars in imported financial data are rejected, never silently coerced > a null proposedPrice (genuinely unpriced) is still accepted — null is not the same as invalid",passed
DET-0031,tests/domain/backup.test.ts,"BACK-020: unknown enums, negative costs, and non-decimal scalars in imported financial data are rejected, never silently coerced > rejects a numeric field holding an object instead of a decimal string",passed
DET-0032,tests/domain/backup.test.ts,"BACK-020: unknown enums, negative costs, and non-decimal scalars in imported financial data are rejected, never silently coerced > rejects a numeric field holding an array instead of a decimal string",passed
DET-0033,tests/domain/backup.test.ts,"BACK-020: unknown enums, negative costs, and non-decimal scalars in imported financial data are rejected, never silently coerced > rejects a numeric field holding a boolean instead of a decimal string",passed
DET-0034,tests/domain/backup.test.ts,"BACK-D09: restore/merge — identical skip, new add, conflicting requires a choice (default keep-local) > an identical existing project is skipped, not duplicated",passed
DET-0035,tests/domain/backup.test.ts,"BACK-D09: restore/merge — identical skip, new add, conflicting requires a choice (default keep-local) > a brand-new project ID is added",passed
DET-0036,tests/domain/backup.test.ts,"BACK-D09: restore/merge — identical skip, new add, conflicting requires a choice (default keep-local) > same ID, different content -> a conflict defaulting to keep-local (never auto timestamp-wins)",passed
DET-0037,tests/domain/backup.test.ts,"BACK-D09: restore/merge — identical skip, new add, conflicting requires a choice (default keep-local) > D09 repeated identical restore -> zero duplicates on a second run",passed
DET-0038,tests/domain/backup.test.ts,"BACK-COMPLETE: full schema validation (item 5) — null entries, wrong types, missing fields, duplicate IDs, invalid settings, zero coverage, dangling references, draft-targeting actual reviews > a null entry inside projects[].revisions[] is rejected with a structured error, never an uncaught exception",passed
DET-0039,tests/domain/backup.test.ts,"BACK-COMPLETE: full schema validation (item 5) — null entries, wrong types, missing fields, duplicate IDs, invalid settings, zero coverage, dangling references, draft-targeting actual reviews > a null entry inside a revision surfaces[] array is rejected without throwing",passed
DET-0040,tests/domain/backup.test.ts,"BACK-COMPLETE: full schema validation (item 5) — null entries, wrong types, missing fields, duplicate IDs, invalid settings, zero coverage, dangling references, draft-targeting actual reviews > a wrong-typed business settings field (overheadRatio as a number, not a decimal string) is rejected",passed
DET-0041,tests/domain/backup.test.ts,"BACK-COMPLETE: full schema validation (item 5) — null entries, wrong types, missing fields, duplicate IDs, invalid settings, zero coverage, dangling references, draft-targeting actual reviews > a malformed (non-decimal) business settings field is rejected",passed
DET-0042,tests/domain/backup.test.ts,"BACK-COMPLETE: full schema validation (item 5) — null entries, wrong types, missing fields, duplicate IDs, invalid settings, zero coverage, dangling references, draft-targeting actual reviews > a room missing its required name field is rejected",passed
DET-0043,tests/domain/backup.test.ts,"BACK-COMPLETE: full schema validation (item 5) — null entries, wrong types, missing fields, duplicate IDs, invalid settings, zero coverage, dangling references, draft-targeting actual reviews > duplicate revision IDs within the same project are rejected",passed
DET-0044,tests/domain/backup.test.ts,"BACK-COMPLETE: full schema validation (item 5) — null entries, wrong types, missing fields, duplicate IDs, invalid settings, zero coverage, dangling references, draft-targeting actual reviews > duplicate room IDs within the same revision are rejected",passed
DET-0045,tests/domain/backup.test.ts,"BACK-COMPLETE: full schema validation (item 5) — null entries, wrong types, missing fields, duplicate IDs, invalid settings, zero coverage, dangling references, draft-targeting actual reviews > duplicate surface IDs within the same revision are rejected",passed
DET-0046,tests/domain/backup.test.ts,"BACK-COMPLETE: full schema validation (item 5) — null entries, wrong types, missing fields, duplicate IDs, invalid settings, zero coverage, dangling references, draft-targeting actual reviews > a paint variant with zero coverage (a divide-by-zero risk) is rejected, not merely ""non-negative""",passed
DET-0047,tests/domain/backup.test.ts,"BACK-COMPLETE: full schema validation (item 5) — null entries, wrong types, missing fields, duplicate IDs, invalid settings, zero coverage, dangling references, draft-targeting actual reviews > a project whose activeRevisionId does not match any of its own revisions is rejected (dangling reference)",passed
DET-0048,tests/domain/backup.test.ts,"BACK-COMPLETE: full schema validation (item 5) — null entries, wrong types, missing fields, duplicate IDs, invalid settings, zero coverage, dangling references, draft-targeting actual reviews > a room whose surfaceIds references a surface not present in the revision is rejected (dangling reference)",passed
DET-0049,tests/domain/backup.test.ts,"BACK-COMPLETE: full schema validation (item 5) — null entries, wrong types, missing fields, duplicate IDs, invalid settings, zero coverage, dangling references, draft-targeting actual reviews > a surface whose roomId references a room not present in the revision is rejected (dangling reference)",passed
DET-0050,tests/domain/backup.test.ts,"BACK-COMPLETE: full schema validation (item 5) — null entries, wrong types, missing fields, duplicate IDs, invalid settings, zero coverage, dangling references, draft-targeting actual reviews > an actual review whose baseline targets a DRAFT revision (never issued) is rejected",passed
DET-0051,tests/domain/backup.test.ts,"BACK-COMPLETE: full schema validation (item 5) — null entries, wrong types, missing fields, duplicate IDs, invalid settings, zero coverage, dangling references, draft-targeting actual reviews > a negative actual-review category amount is rejected (a cost cannot be negative)",passed
DET-0052,tests/domain/backup.test.ts,"BACK-COMPLETE: full schema validation (item 5) — null entries, wrong types, missing fields, duplicate IDs, invalid settings, zero coverage, dangling references, draft-targeting actual reviews > still accepts a fully well-formed envelope with rooms, surfaces, and a valid issued-baseline actual review",passed
DET-0053,tests/domain/backup.test.ts,"BACK-D05/D06: full restore/merge preview spans projects, paint catalog, and business settings > an identical settings/catalog/projects triple produces zero conflicts and nothing to add",passed
DET-0054,tests/domain/backup.test.ts,"BACK-D05/D06: full restore/merge preview spans projects, paint catalog, and business settings > a new paint variant ID is queued to add; a conflicting one is flagged (default keepLocal)",passed
DET-0055,tests/domain/backup.test.ts,"BACK-D05/D06: full restore/merge preview spans projects, paint catalog, and business settings > differing business settings produce exactly one businessSettings conflict, defaulting to keepLocal",passed
DET-0056,tests/domain/backup.test.ts,"applyFullRestoreResolutions: pure resolution-application logic (item 8 concurrency, tested directly) > keepLocal (default) leaves a conflicting project untouched — no write queued for it at all",passed
DET-0057,tests/domain/backup.test.ts,"applyFullRestoreResolutions: pure resolution-application logic (item 8 concurrency, tested directly) > replaceImported queues the incoming project with the CAPTURED expectedVersion, not a re-read one",passed
DET-0058,tests/domain/backup.test.ts,"applyFullRestoreResolutions: pure resolution-application logic (item 8 concurrency, tested directly) > keepBoth produces a genuinely new copy (fresh ID, expectedVersion=null) alongside leaving the original untouched",passed
DET-0059,tests/domain/backup.test.ts,"applyFullRestoreResolutions: pure resolution-application logic (item 8 concurrency, tested directly) > a brand-new project (no conflict at all) is always queued with expectedVersion=null",passed
DET-0060,tests/domain/backup.test.ts,"applyFullRestoreResolutions: pure resolution-application logic (item 8 concurrency, tested directly) > businessSettings replaceImported swaps in the incoming settings; keepLocal (default) preserves the local ones",passed
DET-0061,tests/domain/backup.test.ts,"applyFullRestoreResolutions: pure resolution-application logic (item 8 concurrency, tested directly) > a new paint variant is added; a conflicting one keeps local by default, replaces on choice, or keeps-both as a new copy",passed
DET-0062,tests/domain/backup.test.ts,"applyFullRestoreResolutions: pure resolution-application logic (item 8 concurrency, tested directly) > REGRESSION (independent-review R05): ""keep both"" on a conflicting paint variant remaps every incoming service definition's paintVariantId to the copy, never leaving it pointing at the old local variant",passed
DET-0063,tests/domain/backup.test.ts,"applyFullRestoreResolutions: pure resolution-application logic (item 8 concurrency, tested directly) > V5-02: ""keep both"" on a conflicting paint variant remaps ONLY the incoming service, never a pre-existing LOCAL service that already referenced the same paint ID",passed
DET-0064,tests/domain/backup.test.ts,"applyFullRestoreResolutions: pure resolution-application logic (item 8 concurrency, tested directly) > V5-02: keepLocal and replaceImported on a conflicting paint variant never remap a local service — only keepBoth mints a copy to remap toward",passed
DET-0065,tests/domain/backup.test.ts,"applyFullRestoreResolutions: pure resolution-application logic (item 8 concurrency, tested directly) > a ""keep both"" project copy returns real provenance, not silently dropped (independent-review §5 secondary finding)",passed
DET-0066,tests/domain/backup.test.ts,"BACK-D10: import-as-copies — provenance-based skip, full ID remap including actual baselines > remaps project/revision IDs and the actual-review baseline reference together",passed
DET-0067,tests/domain/backup.test.ts,"BACK-D10: import-as-copies — provenance-based skip, full ID remap including actual baselines > REGRESSION (item 6): remaps room and surface IDs too, and rewrites their cross-references, not just project/revision IDs",passed
DET-0068,tests/domain/backup.test.ts,"BACK-D10: import-as-copies — provenance-based skip, full ID remap including actual baselines > a paint-catalog reference (surface.paintVariantId) is preserved as a legitimate shared reference, never remapped",passed
DET-0069,tests/domain/backup.test.ts,"BACK-D10: import-as-copies — provenance-based skip, full ID remap including actual baselines > drops (never carries over) an actual review whose baseline cannot be remapped, instead of retaining a dangling reference",passed
DET-0070,tests/domain/backup.test.ts,"BACK-D10: import-as-copies — provenance-based skip, full ID remap including actual baselines > repeat import of the same export skips by provenance unless another copy is explicitly requested",passed
DET-0071,tests/domain/backup.test.ts,"BACK-D10: import-as-copies — provenance-based skip, full ID remap including actual baselines > re-importing the same source after the copy was locally edited returns nothing to add -- the edited copy is never a candidate for upsert",passed
DET-0072,tests/domain/backup.test.ts,V6-04: import validation of opening counts stays consistent with the calculation engine's own guard > rejects a negative quick doorCount on import,passed
DET-0073,tests/domain/backup.test.ts,V6-04: import validation of opening counts stays consistent with the calculation engine's own guard > rejects a quick windowCount above the approved maximum (100001) on import,passed
DET-0074,tests/domain/backup.test.ts,V6-04: import validation of opening counts stays consistent with the calculation engine's own guard > rejects a negative detailed opening count on import,passed
DET-0075,tests/domain/backup.test.ts,V6-04: import validation of opening counts stays consistent with the calculation engine's own guard > accepts a well-formed quick room within bounds,passed
DET-0076,tests/domain/backup.test.ts,V6-02: preRefreshCheckpoint is validated as rigorously as a normal revision before import > a valid checkpoint round-trips through export/import validation and is accepted,passed
DET-0077,tests/domain/backup.test.ts,V6-02: preRefreshCheckpoint is validated as rigorously as a normal revision before import > rejects a checkpoint missing its embedded rate snapshot,passed
DET-0078,tests/domain/backup.test.ts,V6-02: preRefreshCheckpoint is validated as rigorously as a normal revision before import > rejects a checkpoint missing its rooms/surfaces arrays entirely,passed
DET-0079,tests/domain/backup.test.ts,V6-02: preRefreshCheckpoint is validated as rigorously as a normal revision before import > rejects a checkpoint whose projectId does not match the containing project,passed
DET-0080,tests/domain/backup.test.ts,V6-02: preRefreshCheckpoint is validated as rigorously as a normal revision before import > rejects a checkpoint whose id does not match its own revision's id,passed
DET-0081,tests/domain/backup.test.ts,"V6-02: preRefreshCheckpoint is validated as rigorously as a normal revision before import > the reviewer's own minimal repro -- a checkpoint reduced to just {id: rev.id} -- is rejected for missing structure, not silently accepted because the id happens to match",passed
DET-0082,tests/domain/backup.test.ts,V6-02: preRefreshCheckpoint is validated as rigorously as a normal revision before import > rejects a checkpoint with a dangling room->surface reference,passed
DET-0083,tests/domain/backup.test.ts,V6-02: preRefreshCheckpoint is validated as rigorously as a normal revision before import > rejects a checkpoint with a dangling surface->room reference,passed
DET-0084,tests/domain/backup.test.ts,V6-02: preRefreshCheckpoint is validated as rigorously as a normal revision before import > rejects a checkpoint with an invalid decimal field on a room,passed
DET-0085,tests/domain/backup.test.ts,V6-02: preRefreshCheckpoint is validated as rigorously as a normal revision before import > rejects a checkpoint with an invalid (negative) opening count,passed
DET-0086,tests/domain/backup.test.ts,V6-02: preRefreshCheckpoint is validated as rigorously as a normal revision before import > rejects a checkpoint carrying its own further-nested checkpoint (bounded to one level),passed
DET-0087,tests/domain/backup.test.ts,V6-02: preRefreshCheckpoint is validated as rigorously as a normal revision before import > rejects a checkpoint whose embedded rate snapshot uses an unsupported schema,passed
DET-0088,tests/domain/backup.test.ts,V6-02: preRefreshCheckpoint is validated as rigorously as a normal revision before import > a rejected checkpoint import carries no envelope at all -- there is nothing a caller could partially write,passed
DET-0089,tests/domain/backup.test.ts,V6-02: preRefreshCheckpoint is validated as rigorously as a normal revision before import > a legitimately absent checkpoint (no refresh ever happened) is still fully supported and accepted,passed
DET-0090,tests/domain/backup.test.ts,"V6-03: import-as-copy remaps preRefreshCheckpoint's internal identities along with the revision > a normal import-as-copy gives the checkpoint the SAME identity as the copied active revision, not the original",passed
DET-0091,tests/domain/backup.test.ts,"V6-03: import-as-copy remaps preRefreshCheckpoint's internal identities along with the revision > Undo on the copy restores the copy's own identity, never the original project/revision",passed
DET-0092,tests/domain/backup.test.ts,V6-03: import-as-copy remaps preRefreshCheckpoint's internal identities along with the revision > exporting the copy after Undo passes full backup validation,passed
DET-0093,tests/domain/backup.test.ts,V6-03: import-as-copy remaps preRefreshCheckpoint's internal identities along with the revision > forcing a SECOND copy of the same source gives each copy's checkpoint its own distinct identity (no collision between the two copies),passed
DET-0094,tests/domain/backup.test.ts,"V6-03: import-as-copy remaps preRefreshCheckpoint's internal identities along with the revision > a repeated refresh/Undo cycle on the copy keeps only the most recent checkpoint, always matching the copy's own identity",passed
DET-0095,tests/domain/backup.test.ts,Boundary matrix (import side): engineering-bound ceilings stay consistent with the calculation engine > BOUND-013: rejects overheadRatio just above 1,passed
DET-0096,tests/domain/backup.test.ts,Boundary matrix (import side): engineering-bound ceilings stay consistent with the calculation engine > BOUND-012/013: accepts overheadRatio at the 0/1 boundaries,passed
DET-0097,tests/domain/backup.test.ts,Boundary matrix (import side): engineering-bound ceilings stay consistent with the calculation engine > BOUND-017: rejects defaultWasteRatio just above 1,passed
DET-0098,tests/domain/backup.test.ts,"Boundary matrix (import side): engineering-bound ceilings stay consistent with the calculation engine > BOUND-046: rejects a throughput setting just above 1,000,000",passed
DET-0099,tests/domain/backup.test.ts,Boundary matrix (import side): engineering-bound ceilings stay consistent with the calculation engine > BOUND-043/044: accepts throughput at its floor and ceiling,passed
DET-0100,tests/domain/backup.test.ts,"Boundary matrix (import side): engineering-bound ceilings stay consistent with the calculation engine > BOUND-021: rejects a room dimension just above 100,000 ft",passed
DET-0101,tests/domain/backup.test.ts,Boundary matrix (import side): engineering-bound ceilings stay consistent with the calculation engine > BOUND-020: rejects a room dimension of exactly 0,passed
DET-0102,tests/domain/backup.test.ts,Boundary matrix (import side): engineering-bound ceilings stay consistent with the calculation engine > a blank (work-in-progress) room dimension represented as null (never touched) is NOT an error,passed
DET-0103,tests/domain/backup.test.ts,Boundary matrix (import side): engineering-bound ceilings stay consistent with the calculation engine > a blank (work-in-progress) room dimension represented as '' (typed then cleared) is NOT an error,passed
DET-0104,tests/domain/backup.test.ts,Boundary matrix (import side): engineering-bound ceilings stay consistent with the calculation engine > BOUND-047..051: rejects a project with 501 rooms,passed
DET-0105,tests/domain/backup.test.ts,"Boundary matrix (import side): engineering-bound ceilings stay consistent with the calculation engine > BOUND-039..042: rejects an other-expense amount just above 1,000,000,000",passed
DET-0106,tests/domain/backup.test.ts,"Boundary matrix (import side): engineering-bound ceilings stay consistent with the calculation engine > BOUND-035..038: rejects additional-labor hours just above 1,000,000",passed
DET-0107,tests/domain/backup.test.ts,Boundary matrix (import side): engineering-bound ceilings stay consistent with the calculation engine > CORE-021 (import side): rejects a proposedPrice with more than 2 fractional digits,passed
DET-0108,tests/domain/backup.test.ts,Boundary matrix (import side): engineering-bound ceilings stay consistent with the calculation engine > CORE-021 (import side): accepts a proposedPrice with exactly 2 fractional digits,passed
DET-0109,tests/domain/backup.test.ts,GEO-014 (import side): a snapshot cannot embed two conflicting variant entries under one id > rejects two paint variants sharing an id within the SAME snapshot,passed
DET-0110,tests/domain/backup.test.ts,"V6-06 (import side): supplies allowance import validation matches the calculation engine's mode gating > accepts a mode=none allowance whose stale amount field is blank, after switching away from flat",passed
DET-0111,tests/domain/backup.test.ts,"V6-06 (import side): supplies allowance import validation matches the calculation engine's mode gating > accepts a mode=flat allowance whose stale, malformed ratio field is left over from a previous paintPercent session",passed
DET-0112,tests/domain/backup.test.ts,V6-06 (import side): supplies allowance import validation matches the calculation engine's mode gating > still rejects a mode=flat allowance whose ACTIVE amount field is blank,passed
DET-0113,tests/domain/backup.test.ts,DOC-010/BACK-019/BACK-025 (import side): the business logo is validated as rigorously as any other field > accepts a well-formed small PNG logo on a draft revision,passed
DET-0114,tests/domain/backup.test.ts,DOC-010/BACK-019/BACK-025 (import side): the business logo is validated as rigorously as any other field > rejects an SVG logo outright -- no script-capable format is ever accepted (DOC-010),passed
DET-0115,tests/domain/backup.test.ts,DOC-010/BACK-019/BACK-025 (import side): the business logo is validated as rigorously as any other field > rejects a logo larger than 1 MiB (BACK-019),passed
DET-0116,tests/domain/backup.test.ts,DOC-010/BACK-019/BACK-025 (import side): the business logo is validated as rigorously as any other field > rejects malformed logo data (not a real data URI at all),passed
DET-0117,tests/domain/backup.test.ts,DOC-010/BACK-019/BACK-025 (import side): the business logo is validated as rigorously as any other field > a malformed logo on ONE revision atomically rejects the entire import -- no partial write,passed
DET-0118,tests/domain/backup.test.ts,DOC-010/BACK-019/BACK-025 (import side): the business logo is validated as rigorously as any other field > a legitimately absent logo (no logo ever set) is still fully supported and accepted,passed
DET-0119,tests/domain/backup.test.ts,"DOC-010/BACK-019/BACK-025 (import side): the business logo is validated as rigorously as any other field > BACK-025: a logo embedded in an issued revision's frozen customerDocumentSnapshot survives export/import and resolves from the restored LOCAL data, no remote fetch required",passed
DET-0120,tests/domain/backup.test.ts,"DOC-010/BACK-019/BACK-025 (import side): the business logo is validated as rigorously as any other field > import-as-copy preserves the logo unchanged (it is plain data, not an id needing remap)",passed
DET-0121,tests/domain/backup.test.ts,BACK-026 (import side): a DRAFT with an unrecognized engine version is rejected; an ISSUED one is not > rejects a draft revision whose activeRateSnapshot declares an unrecognized engine version,passed
DET-0122,tests/domain/backup.test.ts,BACK-026 (import side): a DRAFT with an unrecognized engine version is rejected; an ISSUED one is not > accepts an ISSUED revision even with an unrecognized engine version -- frozen data is always read-only regardless,passed
DET-0123,tests/domain/backup.test.ts,"BACK-026 (import side): a DRAFT with an unrecognized engine version is rejected; an ISSUED one is not > accepts a draft with the current, recognized engine version (the normal case)",passed
DET-0124,tests/domain/backup.test.ts,BACK-026 (import side): a DRAFT with an unrecognized engine version is rejected; an ISSUED one is not > an unrecognized-version draft on ONE revision atomically rejects the whole import,passed
DET-0125,tests/domain/boundaryFieldAcceptance.test.ts,BOUND-001/002: a Pro service coats field accepts exactly the boundary values 1 and 5 (not just the interior of the range) > coats=1 (the floor) and coats=5 (the ceiling) both parse as valid at the field level,passed
DET-0126,tests/domain/boundaryFieldAcceptance.test.ts,"BOUND-001/002: a Pro service coats field accepts exactly the boundary values 1 and 5 (not just the interior of the range) > one below and one above the boundary are both rejected, confirming 1/5 are genuine edges, not arbitrary accepted values",passed
DET-0127,tests/domain/boundaryFieldAcceptance.test.ts,"BOUND-006/007: a target margin ratio field accepts the boundary values 0 and 0.999 (the spec's ""0 <= m < 1"" range) > target=0 is a valid divisor for requiredPriceRaw, never treated as an error at the field level",passed
DET-0128,tests/domain/boundaryFieldAcceptance.test.ts,"BOUND-006/007: a target margin ratio field accepts the boundary values 0 and 0.999 (the spec's ""0 <= m < 1"" range) > target=0.999 (just inside the exclusive upper bound) is accepted and produces a real (if extreme) required price",passed
DET-0129,tests/domain/boundaryFieldAcceptance.test.ts,"BOUND-006/007: a target margin ratio field accepts the boundary values 0 and 0.999 (the spec's ""0 <= m < 1"" range) > exactly 1 (the excluded upper bound) is rejected, confirming 0.999 is genuinely inside the accepted range, not an arbitrary value",passed
DET-0130,tests/domain/boundaryFieldAcceptance.test.ts,"BOUND-006/007: a target margin ratio field accepts the boundary values 0 and 0.999 (the spec's ""0 <= m < 1"" range) > BOUND-008: just below the floor (-0.001) is rejected, confirming 0 is a genuine floor, not an arbitrary accepted value",passed
DET-0131,tests/domain/boundaryFieldAcceptance.test.ts,"BOUND-010/011: an overhead ratio field accepts the boundary values 0 and 1 (CALCULATION_SPEC's ""overheadRatio 0..1"" inclusive range) > overheadRatio=0 computes a valid (zero) overhead amount, never an error",passed
DET-0132,tests/domain/boundaryFieldAcceptance.test.ts,"BOUND-010/011: an overhead ratio field accepts the boundary values 0 and 1 (CALCULATION_SPEC's ""overheadRatio 0..1"" inclusive range) > overheadRatio=1 (the inclusive ceiling) computes a valid overhead amount equal to the full direct cost",passed
DET-0133,tests/domain/boundaryFieldAcceptance.test.ts,"BOUND-030/031/032: the free interior calculator's quick-mode door DEDUCTION count field accepts its full [0, 100000] range and rejects below it > BOUND-030: doorCount=0 is a valid field value",passed
DET-0134,tests/domain/boundaryFieldAcceptance.test.ts,"BOUND-030/031/032: the free interior calculator's quick-mode door DEDUCTION count field accepts its full [0, 100000] range and rejects below it > BOUND-031: doorCount=100000 (the approved maximum) is a valid field value",passed
DET-0135,tests/domain/boundaryFieldAcceptance.test.ts,"BOUND-030/031/032: the free interior calculator's quick-mode door DEDUCTION count field accepts its full [0, 100000] range and rejects below it > BOUND-032: doorCount=-1 is rejected as out of range, never silently clamped to 0",passed
DET-0136,tests/domain/boundaryFieldAcceptance.test.ts,"BOUND-030/031/032: the free interior calculator's quick-mode door DEDUCTION count field accepts its full [0, 100000] range and rejects below it > one above the maximum (100001) is also rejected, confirming 100000 is a genuine ceiling, not an arbitrary accepted value",passed
DET-0137,tests/domain/boundaryMatrix.test.ts,"BOUND-012/013: overheadRatio is [0,1] (0 and 1 already accepted; only the ceiling was unchecked) > overheadRatio=at the ceiling (1) -> 1",passed
DET-0138,tests/domain/boundaryMatrix.test.ts,"BOUND-012/013: overheadRatio is [0,1] (0 and 1 already accepted; only the ceiling was unchecked) > overheadRatio=just above the ceiling (1.001) -> 1.001",passed
DET-0139,tests/domain/boundaryMatrix.test.ts,"BOUND-012/013: overheadRatio is [0,1] (0 and 1 already accepted; only the ceiling was unchecked) > overheadRatio=just below the floor (-0.001) -> -0.001",passed
DET-0140,tests/domain/boundaryMatrix.test.ts,"BOUND-014..017: wasteRatio is [0,1] > surface wasteRatio=zero -> 0",passed
DET-0141,tests/domain/boundaryMatrix.test.ts,"BOUND-014..017: wasteRatio is [0,1] > surface wasteRatio=one -> 1",passed
DET-0142,tests/domain/boundaryMatrix.test.ts,"BOUND-014..017: wasteRatio is [0,1] > surface wasteRatio=just below the floor (-0.001) -> -0.001",passed
DET-0143,tests/domain/boundaryMatrix.test.ts,"BOUND-014..017: wasteRatio is [0,1] > surface wasteRatio=just above the ceiling (1.001) -> 1.001",passed
DET-0144,tests/domain/boundaryMatrix.test.ts,"BOUND-018..021: roomDimensionFt is >0 and <=100,000 ft > room lengthFt=just above zero (0.001) -> 0.001",passed
DET-0145,tests/domain/boundaryMatrix.test.ts,"BOUND-018..021: roomDimensionFt is >0 and <=100,000 ft > room lengthFt=at the ceiling (100000) -> 100000",passed
DET-0146,tests/domain/boundaryMatrix.test.ts,"BOUND-018..021: roomDimensionFt is >0 and <=100,000 ft > room lengthFt=zero -> 0",passed
DET-0147,tests/domain/boundaryMatrix.test.ts,"BOUND-018..021: roomDimensionFt is >0 and <=100,000 ft > room lengthFt=just above the ceiling (100000.001) -> 100000.001",passed
DET-0148,tests/domain/boundaryMatrix.test.ts,"BOUND-022..025: manualAreaFt2 is >0 and <=1,000,000,000 ft² > surface areaFt2=just above zero (0.001) -> 0.001",passed
DET-0149,tests/domain/boundaryMatrix.test.ts,"BOUND-022..025: manualAreaFt2 is >0 and <=1,000,000,000 ft² > surface areaFt2=at the ceiling (1000000000) -> 1000000000",passed
DET-0150,tests/domain/boundaryMatrix.test.ts,"BOUND-022..025: manualAreaFt2 is >0 and <=1,000,000,000 ft² > surface areaFt2=zero -> 0",passed
DET-0151,tests/domain/boundaryMatrix.test.ts,"BOUND-022..025: manualAreaFt2 is >0 and <=1,000,000,000 ft² > surface areaFt2=just above the ceiling (1000000000.001) -> 1000000000.001",passed
DET-0152,tests/domain/boundaryMatrix.test.ts,"BOUND-026..029: trimLengthFt is [0,1,000,000] ft (0 IS a valid value) > trimLengthFt=zero -> 0",passed
DET-0153,tests/domain/boundaryMatrix.test.ts,"BOUND-026..029: trimLengthFt is [0,1,000,000] ft (0 IS a valid value) > trimLengthFt=at the ceiling (1000000) -> 1000000",passed
DET-0154,tests/domain/boundaryMatrix.test.ts,"BOUND-026..029: trimLengthFt is [0,1,000,000] ft (0 IS a valid value) > trimLengthFt=just below the floor (-0.001) -> -0.001",passed
DET-0155,tests/domain/boundaryMatrix.test.ts,"BOUND-026..029: trimLengthFt is [0,1,000,000] ft (0 IS a valid value) > trimLengthFt=just above the ceiling (1000000.001) -> 1000000.001",passed
DET-0156,tests/domain/boundaryMatrix.test.ts,"BOUND-035..038: additionalLabor hours is [0,1,000,000] > hours=zero -> 0",passed
DET-0157,tests/domain/boundaryMatrix.test.ts,"BOUND-035..038: additionalLabor hours is [0,1,000,000] > hours=at the ceiling (1000000) -> 1000000",passed
DET-0158,tests/domain/boundaryMatrix.test.ts,"BOUND-035..038: additionalLabor hours is [0,1,000,000] > hours=just below the floor (-0.001) -> -0.001",passed
DET-0159,tests/domain/boundaryMatrix.test.ts,"BOUND-035..038: additionalLabor hours is [0,1,000,000] > hours=just above the ceiling (1000000.001) -> 1000000.001",passed
DET-0160,tests/domain/boundaryMatrix.test.ts,"BOUND-039..042: a money amount is [0,1,000,000,000] (probed via otherExpenses.amount) > otherExpenses amount=zero -> 0",passed
DET-0161,tests/domain/boundaryMatrix.test.ts,"BOUND-039..042: a money amount is [0,1,000,000,000] (probed via otherExpenses.amount) > otherExpenses amount=at the ceiling (1000000000) -> 1000000000",passed
DET-0162,tests/domain/boundaryMatrix.test.ts,"BOUND-039..042: a money amount is [0,1,000,000,000] (probed via otherExpenses.amount) > otherExpenses amount=just below the floor (-0.01) -> -0.01",passed
DET-0163,tests/domain/boundaryMatrix.test.ts,"BOUND-039..042: a money amount is [0,1,000,000,000] (probed via otherExpenses.amount) > otherExpenses amount=just above the ceiling (1000000000.01) -> 1000000000.01",passed
DET-0164,tests/domain/boundaryMatrix.test.ts,"BOUND-039..042: a money amount is [0,1,000,000,000] (probed via otherExpenses.amount) > the same ceiling applies to an other-material unit cost",passed
DET-0165,tests/domain/boundaryMatrix.test.ts,"BOUND-039..042: a money amount is [0,1,000,000,000] (probed via otherExpenses.amount) > the same ceiling applies to a flat supplies allowance amount",passed
DET-0166,tests/domain/boundaryMatrix.test.ts,"BOUND-043..046: throughput/rate fields are a positive divisor AND <=1,000,000 > surface throughput=just above zero (0.001) -> 0.001",passed
DET-0167,tests/domain/boundaryMatrix.test.ts,"BOUND-043..046: throughput/rate fields are a positive divisor AND <=1,000,000 > surface throughput=at the ceiling (1000000) -> 1000000",passed
DET-0168,tests/domain/boundaryMatrix.test.ts,"BOUND-043..046: throughput/rate fields are a positive divisor AND <=1,000,000 > surface throughput=zero -> 0",passed
DET-0169,tests/domain/boundaryMatrix.test.ts,"BOUND-043..046: throughput/rate fields are a positive divisor AND <=1,000,000 > surface throughput=just above the ceiling (1000000.001) -> 1000000.001",passed
DET-0170,tests/domain/boundaryMatrix.test.ts,"BOUND-043..046: throughput/rate fields are a positive divisor AND <=1,000,000 > the same ceiling applies to a surface loadedHourlyRate override",passed
DET-0171,tests/domain/boundaryMatrix.test.ts,BOUND-047..051: at most 500 rooms per project > accepts exactly 500 rooms,passed
DET-0172,tests/domain/boundaryMatrix.test.ts,BOUND-047..051: at most 500 rooms per project > rejects 501 rooms,passed
DET-0173,tests/domain/boundaryMatrix.test.ts,"BOUND-052..056: at most 2,000 surfaces per project > accepts exactly 2000 surfaces",passed
DET-0174,tests/domain/boundaryMatrix.test.ts,"BOUND-052..056: at most 2,000 surfaces per project > rejects 2001 surfaces",passed
DET-0175,tests/domain/boundaryMatrix.test.ts,"BOUND-057..061: at most 2,000 combined additional-cost (""document"") lines per project > accepts exactly 2000 combined lines",passed
DET-0176,tests/domain/boundaryMatrix.test.ts,"BOUND-057..061: at most 2,000 combined additional-cost (""document"") lines per project > rejects 2001 combined lines",passed
DET-0177,tests/domain/calculationSnapshot.test.ts,freezeCalculatedOutputs / readFrozenCalculatedOutputs > round-trips a complete summary's job cost exactly,passed
DET-0178,tests/domain/calculationSnapshot.test.ts,"freezeCalculatedOutputs / readFrozenCalculatedOutputs > ACT-010: also round-trips the frozen overhead — the actual-cost review's ""baseline allocation"" mode needs this, not just jobCost",passed
DET-0179,tests/domain/calculationSnapshot.test.ts,"freezeCalculatedOutputs / readFrozenCalculatedOutputs > serializes every decimal as a plain string, never a live Decimal instance (DATA_CONTRACT: decimal scalars are text at rest)",passed
DET-0180,tests/domain/calculationSnapshot.test.ts,"freezeCalculatedOutputs / readFrozenCalculatedOutputs > a null jobCost (incomplete summary) freezes as null, not a fabricated zero",passed
DET-0181,tests/domain/calculationSnapshot.test.ts,"freezeCalculatedOutputs / readFrozenCalculatedOutputs > REGRESSION: an old record with rawCalculatedOutputs still null (issued before this fix) is reported as ""missing,"" never crashes or silently claims a frozen zero",passed
DET-0182,tests/domain/calculationSnapshot.test.ts,"freezeCalculatedOutputs / readFrozenCalculatedOutputs > a malformed/incompatible stored value (wrong schema version) is treated as missing, not guessed at",passed
DET-0183,tests/domain/calculationSnapshot.test.ts,freezeCalculatedOutputs / readFrozenCalculatedOutputs > a corrupted jobCost string is treated as missing rather than throwing,passed
DET-0184,tests/domain/calculationSnapshot.test.ts,freezeCalculatedOutputs / readFrozenCalculatedOutputs > a non-object value is treated as missing,passed
DET-0185,tests/domain/calculationSnapshot.test.ts,"freezeCalculatedOutputs / readFrozenCalculatedOutputs > V5-06: NaN/Infinity are rejected, never accepted as a trusted historical cost > rejects jobCost:""NaN"" even though `new PEP(""NaN"")` does not throw",passed
DET-0186,tests/domain/calculationSnapshot.test.ts,"freezeCalculatedOutputs / readFrozenCalculatedOutputs > V5-06: NaN/Infinity are rejected, never accepted as a trusted historical cost > rejects ""Infinity"" and ""-Infinity"" for any cost field",passed
DET-0187,tests/domain/calculationSnapshot.test.ts,"freezeCalculatedOutputs / readFrozenCalculatedOutputs > V5-06: NaN/Infinity are rejected, never accepted as a trusted historical cost > rejects a negative cost field (materials, laborCost, directCost, overhead, effectivePrice, jobCost)",passed
DET-0188,tests/domain/calculationSnapshot.test.ts,"freezeCalculatedOutputs / readFrozenCalculatedOutputs > V5-06: NaN/Infinity are rejected, never accepted as a trusted historical cost > accepts a negative profit and a negative marginRatio — a real loss is valid, not corruption",passed
DET-0189,tests/domain/calculationSnapshot.test.ts,"freezeCalculatedOutputs / readFrozenCalculatedOutputs > V5-06: NaN/Infinity are rejected, never accepted as a trusted historical cost > rejects NaN/Infinity even in profit/marginRatio, which otherwise allow negative values",passed
DET-0190,tests/domain/calculationSnapshot.test.ts,"freezeCalculatedOutputs / readFrozenCalculatedOutputs > V5-06: NaN/Infinity are rejected, never accepted as a trusted historical cost > rejects a non-string numeric field (a raw JS number, never a canonical decimal string)",passed
DET-0191,tests/domain/calculationSnapshot.test.ts,"freezeCalculatedOutputs / readFrozenCalculatedOutputs > V5-06: NaN/Infinity are rejected, never accepted as a trusted historical cost > still accepts a genuinely well-formed record with an explicit zero jobCost",passed
DET-0192,tests/domain/cat009HealthAndSnapshot.test.ts,"CAT-009: live settings changes reach Price Book Health; a saved estimate keeps its own captured rates; a new estimate picks up the change > clause 1 -- changing live overhead and target margin updates Price Book Health for the SAME service, with hand-derived numbers",passed
DET-0193,tests/domain/cat009HealthAndSnapshot.test.ts,CAT-009: live settings changes reach Price Book Health; a saved estimate keeps its own captured rates; a new estimate picks up the change > clause 2 -- an existing saved estimate (draft created before the change) still computes off its OWN captured overhead/target after the live settings change,passed
DET-0194,tests/domain/cat009HealthAndSnapshot.test.ts,"CAT-009: live settings changes reach Price Book Health; a saved estimate keeps its own captured rates; a new estimate picks up the change > clause 3 -- a newly created estimate, made after the settings change, captures the NEW overhead/target in its own snapshot",passed
DET-0195,tests/domain/cat009HealthAndSnapshot.test.ts,"CAT-009: live settings changes reach Price Book Health; a saved estimate keeps its own captured rates; a new estimate picks up the change > end-to-end: an old estimate and a new estimate coexist with genuinely different frozen rates after one live settings change, and Price Book Health reflects only the live value at read time",passed
DET-0196,tests/domain/catProRequirements.test.ts,"CAT-001: an incomplete fresh business-settings setup never silently substitutes real assumptions, and issue stays blocked > a missing loadedHourlyRate (never configured) blocks the whole project as incomplete, not a $0/hr-substituted price",passed
DET-0197,tests/domain/catProRequirements.test.ts,"CAT-001: an incomplete fresh business-settings setup never silently substitutes real assumptions, and issue stays blocked > issuing is blocked until sampleAssumptionsConfirmed is explicitly set, even with a fully complete/priced calculation",passed
DET-0198,tests/domain/catProRequirements.test.ts,"CAT-002: accepting sample defaults and issuing records a real confirmation, and no UI copy claims industry-validated rates > sampleAssumptionsConfirmed=true is what actually unblocks issue -- the confirmation is load-bearing, not decorative",passed
DET-0199,tests/domain/catProRequirements.test.ts,"CAT-007: a live-catalog variant deletion is handled correctly on BOTH sides -- draft resolves its own frozen snapshot, live Price Book Health goes incomplete > a Price Book Health service referencing a variant no longer in the live catalog reports incomplete (already proven in tests/domain/serviceHealthAssembly.test.ts, re-asserted here alongside the draft-side half for one combined citation)",passed
DET-0200,tests/domain/catProRequirements.test.ts,"CAT-007: a live-catalog variant deletion is handled correctly on BOTH sides -- draft resolves its own frozen snapshot, live Price Book Health goes incomplete > a draft's own frozen snapshot still resolves the SAME variant id after it has been deleted from the live catalog (the draft never reads the live catalog at all)",passed
DET-0201,tests/domain/catProRequirements.test.ts,"PRO-004: a door surface with an enabled count but missing width blocks the ENTIRE project as incomplete -- no hidden area assumption > doorCount=1 with widthFt/heightFt both blank reports incomplete, not a door computed at some default/zero area",passed
DET-0202,tests/domain/catProRequirements.test.ts,"PRO-006: an incomplete project (valid walls, incomplete ceiling) never fabricates a partial subtotal, and always blocks final price/margin/issue > a room with a valid wall plus an incomplete (enabled, unconfigured) ceiling reports the WHOLE project incomplete, with no partial subtotal fabricated",passed
DET-0203,tests/domain/catProRequirements.test.ts,"PRO-008: a fixed custom price stays fixed while cost rises -- margin visibly decreases in real time, which IS the available change signal > raising the direct cost while priceMode=custom keeps the SAME price but strictly lowers profit and margin",passed
DET-0204,tests/domain/catProRequirements.test.ts,PRO-011: no active/enabled surfaces blocks issue even with retained expenses and a retained custom price > a revision with zero enabled surfaces but a nonzero additionalLabor line and a set proposedPrice still cannot issue,passed
DET-0205,tests/domain/catProRequirements.test.ts,"PRO-012: a genuine no-charge ($0) project is blocked until explicit confirmation, then allowed with an undefined (null) margin > a valid, complete, $0-priced project is blocked without zeroPriceConfirmed",passed
DET-0206,tests/domain/catProRequirements.test.ts,"PRO-012: a genuine no-charge ($0) project is blocked until explicit confirmation, then allowed with an undefined (null) margin > the SAME project is issueable once zeroPriceConfirmed is true, and the priced summary reports a null (undefined) margin at price=0",passed
DET-0207,tests/domain/coreRequirements.test.ts,"CORE-001: a surface with no loadedHourlyRate anywhere (no override, no settings default) is incomplete, not a crash or a $0 rate > reports incomplete and names the specific surface, with no priced output",passed
DET-0208,tests/domain/coreRequirements.test.ts,"CORE-002: a required cost field of ""-1"" is invalid at the engine boundary and retains the raw text, never coerced to zero > parseDecimalField rejects -1 (negative not allowed) and keeps rawText for the UI to redisplay",passed
DET-0209,tests/domain/coreRequirements.test.ts,"CORE-007: the free job-cost calculator persists a percent-entered target as a ratio, with no double division by 100 > target=35% on cost=65 requires a minimum price of exactly $100.00 (not $6500.00 or $0.65-scaled)",passed
DET-0210,tests/domain/coreRequirements.test.ts,"CORE-012: cost=0, price=100 -- margin never divides by cost (would be undefined/Infinity), only by price > profit=$100.00, margin=100.0%",passed
DET-0211,tests/domain/coreRequirements.test.ts,"CORE-013: cost=0, price=0 -- profit=$0.00, margin=null (zero_price), never a NaN percentage > reports the zero_price status with a real numeric profit and a null (not NaN) margin",passed
DET-0212,tests/domain/coreRequirements.test.ts,"CORE-014/CORE-015: the displayed percentage rounds to one place, but status compares the raw (unrounded) margin -- never the formatted string > CORE-014: cost=65.0001 displays ""35.0%"" but the raw status is below_target (marginRatio < 0.35 exactly)",passed
DET-0213,tests/domain/coreRequirements.test.ts,"CORE-014/CORE-015: the displayed percentage rounds to one place, but status compares the raw (unrounded) margin -- never the formatted string > CORE-015: cost=64.9999 displays ""35.0%"" but the raw status is above_target (marginRatio > 0.35 exactly)",passed
DET-0214,tests/domain/coreRequirements.test.ts,"CORE-014/CORE-015: the displayed percentage rounds to one place, but status compares the raw (unrounded) margin -- never the formatted string > the two cases above are NOT the same raw status, even though their formatted percentages are identical",passed
DET-0215,tests/domain/coreRequirements.test.ts,"CORE-019: a target margin of exactly 0 requires a raw price equal to cost, rounding up only when the cost itself has sub-cent precision > a whole-cent cost needs no rounding at all",passed
DET-0216,tests/domain/coreRequirements.test.ts,"CORE-019: a target margin of exactly 0 requires a raw price equal to cost, rounding up only when the cost itself has sub-cent precision > a sub-cent cost rounds the minimum target price UP, never down (never undershoots a 0% target)",passed
DET-0217,tests/domain/coreRequirements.test.ts,"CORE-027: clearing one previously-valid field removes the stale complete result and reports incomplete, retaining the other still-valid data > a project that was complete becomes incomplete (not stuck showing the old result) once a required field is blanked, and the OTHER surface is unaffected",passed
DET-0218,tests/domain/coreRequirements.test.ts,"CORE-028: an incomplete draft can be saved, but final issue is blocked -- the partial result is never issueable > checkIssueGate reports canIssue=false with an explicit ""not complete"" reason when calculationState is incomplete",passed
DET-0219,tests/domain/coreRequirements.test.ts,"CORE-028: an incomplete draft can be saved, but final issue is blocked -- the partial result is never issueable > the same draft becomes issueable once its calculationState is complete, all else equal",passed
DET-0220,tests/domain/coreRequirements.test.ts,"CORE-029: removing every surface leaves no complete priced estimate (never a false 100% margin), and never touches the caller's custom price input > an empty-surfaces revision is incomplete regardless of price mode, with null price/jobCost",passed
DET-0221,tests/domain/coreRequirements.test.ts,"CORE-029: removing every surface leaves no complete priced estimate (never a false 100% margin), and never touches the caller's custom price input > the customPriceRaw the caller supplied is never inspected or altered when there are no surfaces (the UI is free to keep displaying it verbatim)",passed
DET-0222,tests/domain/createDraftRevision.test.ts,"createDraftRevision: applies configured business defaults, not hardcoded ones > mode ""none"" (the factory default) yields no supplies allowance and no travel line, same as before this fix",passed
DET-0223,tests/domain/createDraftRevision.test.ts,"createDraftRevision: applies configured business defaults, not hardcoded ones > a configured flat $50 supplies default is applied to a new draft and contributes to materials",passed
DET-0224,tests/domain/createDraftRevision.test.ts,"createDraftRevision: applies configured business defaults, not hardcoded ones > a configured paintPercent supplies default (10% of paint cost) is applied and scales off paint cost only",passed
DET-0225,tests/domain/createDraftRevision.test.ts,"createDraftRevision: applies configured business defaults, not hardcoded ones > a configured $75 travel default inserts exactly ONE expense line, contributing to otherExpenses and overhead",passed
DET-0226,tests/domain/createDraftRevision.test.ts,"createDraftRevision: applies configured business defaults, not hardcoded ones > a zero (factory-default) travel amount never inserts a phantom $0.00 expense line",passed
DET-0227,tests/domain/createDraftRevision.test.ts,"createDraftRevision: applies configured business defaults, not hardcoded ones > creating a SECOND draft from the same (unchanged) settings does not duplicate or re-insert a second travel line beyond the one per draft",passed
DET-0228,tests/domain/customerDocument.test.ts,"V6-01: buildCustomerDocument scope lines include every enabled priced surface > door-only (standalone, no room)",passed
DET-0229,tests/domain/customerDocument.test.ts,"V6-01: buildCustomerDocument scope lines include every enabled priced surface > trim-only (standalone, no room)",passed
DET-0230,tests/domain/customerDocument.test.ts,"V6-01: buildCustomerDocument scope lines include every enabled priced surface > room-only, including coat count",passed
DET-0231,tests/domain/customerDocument.test.ts,V6-01: buildCustomerDocument scope lines include every enabled priced surface > mixed room and standalone scope,passed
DET-0232,tests/domain/customerDocument.test.ts,V6-01: buildCustomerDocument scope lines include every enabled priced surface > a room surface with a null coats override displays the snapshot default (2),passed
DET-0233,tests/domain/customerDocument.test.ts,"V6-01: buildCustomerDocument scope lines include every enabled priced surface > a single coat is described in the singular (""1 coat"", not ""1 coats"")",passed
DET-0234,tests/domain/customerDocument.test.ts,V6-01: buildCustomerDocument scope lines include every enabled priced surface > disabled surfaces (room-attached or standalone) never appear in scope,passed
DET-0235,tests/domain/customerDocument.test.ts,"V6-01: buildCustomerDocument scope lines include every enabled priced surface > a disabled room surface leaves that room labeled ""no surfaces enabled""",passed
DET-0236,tests/domain/customerDocument.test.ts,"V6-01: buildCustomerDocument scope lines include every enabled priced surface > never leaks cost, rate, or overhead fields even with a full scope",passed
DET-0237,tests/domain/customerDocument.test.ts,"V6-01: buildCustomerDocument scope lines include every enabled priced surface > long room names and special characters render as literal text, not corrupting the scope structure",passed
DET-0238,tests/domain/customerDocument.test.ts,"DOC-003: an issued price is ONE exact project total, never distributed/invented across multiple scope descriptions > a multi-room, multi-surface scope (several description lines) still carries exactly one proposedPrice field, set to the full $1000.00",passed
DET-0239,tests/domain/customerDocument.test.ts,"DOC-006: a Pro customer document always carries a pre-tax notice, and never computes any sales tax > taxNotice is always the fixed exact disclosure text, regardless of price",passed
DET-0240,tests/domain/customerDocument.test.ts,"DOC-011: an issued document snapshot carries no engineVersion field at all, so it cannot be silently re-derived by a version check > buildCustomerDocument's output shape has no engineVersion field -- an engine upgrade has nothing to key a recalculation on",passed
DET-0241,tests/domain/engineCompatibility.test.ts,isRecognizedEngineVersion / RECOGNIZED_ENGINE_VERSIONS > the current ENGINE_VERSION is always in the recognized list -- a build must always trust its own version,passed
DET-0242,tests/domain/engineCompatibility.test.ts,isRecognizedEngineVersion / RECOGNIZED_ENGINE_VERSIONS > an unrecognized/future version string is rejected,passed
DET-0243,tests/domain/engineCompatibility.test.ts,"BACK-026: live draft recalculation refuses an unrecognized engine version, never silently using today's formulas > a normal draft (current engine version) calculates fine",passed
DET-0244,tests/domain/engineCompatibility.test.ts,"BACK-026: live draft recalculation refuses an unrecognized engine version, never silently using today's formulas > a draft whose snapshot declares an unrecognized engine version is refused, with a clear explanation and recovery instruction, never silently recalculated",passed
DET-0245,tests/domain/engineCompatibility.test.ts,"BACK-026: live draft recalculation refuses an unrecognized engine version, never silently using today's formulas > never crashes -- an unrecognized version produces a structured invalid result, not an exception",passed
DET-0246,tests/domain/engineCompatibility.test.ts,"BACK-026: frozen/issued data is NEVER gated by this policy -- it is always read-only regardless of version > readFrozenCalculatedOutputs happily reads back a frozen record from an unrecognized/future engine version -- it is never recalculated, so the tag is purely informational",passed
DET-0247,tests/domain/estimateAssembly.test.ts,"PRO-001 through the domain assembly: wall and ceiling in the SAME room use DIFFERENT variants > produces two separate purchases, one per variant",passed
DET-0248,tests/domain/estimateAssembly.test.ts,GEO-027: a room's opening-deduction count is entirely independent from a linked door surface's own doorCount > painting a second door (doorCount 1 -> 2) adds its own cost on top of the wall's already-2-opening-deducted area,passed
DET-0249,tests/domain/estimateAssembly.test.ts,GEO-027: a room's opening-deduction count is entirely independent from a linked door surface's own doorCount > the wall's own (2-opening-deducted) net area never changes no matter what the door surface's doorCount is,passed
DET-0250,tests/domain/estimateAssembly.test.ts,Standalone surfaces with no room > a project with only a standalone door surface (roomId null) is complete and priced,passed
DET-0251,tests/domain/estimateAssembly.test.ts,"Standalone surfaces with no room > BOUND-026: a trim surface with trimLengthFt=0 is ACCEPTED at field validation (zero-demand geometry, not a field error)",passed
DET-0252,tests/domain/estimateAssembly.test.ts,"Standalone surfaces with no room > a standalone trim surface with missing developed width is incomplete, not silently zero",passed
DET-0253,tests/domain/estimateAssembly.test.ts,Disabled surfaces never contribute (mutation check regression) > a disabled surface with garbage geometry does not block or pollute an otherwise-valid project,passed
DET-0254,tests/domain/estimateAssembly.test.ts,"Suggested-price mode reports real profit/margin at the effective price (regression) > profit and margin are NOT null when priceMode is ""suggested"" — found live in the browser: proposed price showed a number but profit/margin showed ""—""",passed
DET-0255,tests/domain/estimateAssembly.test.ts,"A surface referencing a variant absent from the draft's OWN snapshot is invalid, not silently substituted > found live in the browser: the UI let a user pick a variant added to the LIVE catalog after this draft was created, which the draft's frozen snapshot does not have yet",passed
DET-0256,tests/domain/estimateAssembly.test.ts,"V5-01 (related path): targetMarginRatio boundary in the Pro estimate summary itself, not just Price Book Health > a saved 100% target settings value returns invalid, never throws",passed
DET-0257,tests/domain/estimateAssembly.test.ts,"V5-01 (related path): targetMarginRatio boundary in the Pro estimate summary itself, not just Price Book Health > a negative target settings value returns invalid",passed
DET-0258,tests/domain/estimateAssembly.test.ts,"V5-01 (related path): targetMarginRatio boundary in the Pro estimate summary itself, not just Price Book Health > a target just below 100% (0.999) is still a complete, priced result",passed
DET-0259,tests/domain/estimateAssembly.test.ts,Per-surface override vs. snapshot default fallback (DECISIONS.md #3) > a surface with an explicit throughput override is not silently replaced by the settings default,passed
DET-0260,tests/domain/estimateAssembly.test.ts,"Project-costing line items never crash on blank/malformed values (found while building the missing cost-entry UI) > a freshly-added additionalLabor line with blank hours/rate reports incomplete, never throws",passed
DET-0261,tests/domain/estimateAssembly.test.ts,"Project-costing line items never crash on blank/malformed values (found while building the missing cost-entry UI) > an additionalLabor line with malformed hours (""abc"") reports invalid, never throws",passed
DET-0262,tests/domain/estimateAssembly.test.ts,Project-costing line items never crash on blank/malformed values (found while building the missing cost-entry UI) > a complete additionalLabor line correctly adds hours*rate to laborCost,passed
DET-0263,tests/domain/estimateAssembly.test.ts,"Project-costing line items never crash on blank/malformed values (found while building the missing cost-entry UI) > a freshly-added otherMaterialLines entry with blank quantity/unitCost reports incomplete, never throws",passed
DET-0264,tests/domain/estimateAssembly.test.ts,Project-costing line items never crash on blank/malformed values (found while building the missing cost-entry UI) > a complete otherMaterialLines entry correctly adds quantity*unitCost to materials,passed
DET-0265,tests/domain/estimateAssembly.test.ts,"Project-costing line items never crash on blank/malformed values (found while building the missing cost-entry UI) > a freshly-added otherExpenses entry with a blank amount reports incomplete, never throws",passed
DET-0266,tests/domain/estimateAssembly.test.ts,Project-costing line items never crash on blank/malformed values (found while building the missing cost-entry UI) > a complete otherExpenses entry correctly adds its amount to directCost,passed
DET-0267,tests/domain/estimateAssembly.test.ts,"Project-costing line items never crash on blank/malformed values (found while building the missing cost-entry UI) > a blank suppliesAllowance amount/ratio reports incomplete, never throws",passed
DET-0268,tests/domain/estimateAssembly.test.ts,"Project-costing line items never crash on blank/malformed values (found while building the missing cost-entry UI) > a malformed suppliesAllowance amount reports invalid, never throws",passed
DET-0269,tests/domain/estimateAssembly.test.ts,Project-costing line items never crash on blank/malformed values (found while building the missing cost-entry UI) > a valid flat supplies allowance correctly adds to materials,passed
DET-0270,tests/domain/estimateAssembly.test.ts,"V6-06: supplies allowance validates/uses ONLY the active mode's field > mode: none -- neither field is read, no matter what it contains > mode=none with both blank never blocks or contributes to materials",passed
DET-0271,tests/domain/estimateAssembly.test.ts,"V6-06: supplies allowance validates/uses ONLY the active mode's field > mode: none -- neither field is read, no matter what it contains > mode=none with both zero never blocks or contributes to materials",passed
DET-0272,tests/domain/estimateAssembly.test.ts,"V6-06: supplies allowance validates/uses ONLY the active mode's field > mode: none -- neither field is read, no matter what it contains > mode=none with a stale valid flat amount never blocks or contributes to materials",passed
DET-0273,tests/domain/estimateAssembly.test.ts,"V6-06: supplies allowance validates/uses ONLY the active mode's field > mode: none -- neither field is read, no matter what it contains > mode=none with a stale valid paint-percent ratio never blocks or contributes to materials",passed
DET-0274,tests/domain/estimateAssembly.test.ts,"V6-06: supplies allowance validates/uses ONLY the active mode's field > mode: none -- neither field is read, no matter what it contains > mode=none with a malformed amount never blocks or contributes to materials",passed
DET-0275,tests/domain/estimateAssembly.test.ts,"V6-06: supplies allowance validates/uses ONLY the active mode's field > mode: none -- neither field is read, no matter what it contains > mode=none with a malformed ratio never blocks or contributes to materials",passed
DET-0276,tests/domain/estimateAssembly.test.ts,"V6-06: supplies allowance validates/uses ONLY the active mode's field > mode: none -- neither field is read, no matter what it contains > mode=none with a negative amount never blocks or contributes to materials",passed
DET-0277,tests/domain/estimateAssembly.test.ts,"V6-06: supplies allowance validates/uses ONLY the active mode's field > mode: none -- neither field is read, no matter what it contains > mode=none with a negative ratio never blocks or contributes to materials",passed
DET-0278,tests/domain/estimateAssembly.test.ts,"V6-06: supplies allowance validates/uses ONLY the active mode's field > mode: none -- neither field is read, no matter what it contains > mode=none with an out-of-range ratio (>1) never blocks or contributes to materials",passed
DET-0279,tests/domain/estimateAssembly.test.ts,V6-06: supplies allowance validates/uses ONLY the active mode's field > mode: flat -- only the amount is read; the ratio is fully ignored > a blank amount reports incomplete regardless of the ratio,passed
DET-0280,tests/domain/estimateAssembly.test.ts,V6-06: supplies allowance validates/uses ONLY the active mode's field > mode: flat -- only the amount is read; the ratio is fully ignored > a malformed amount reports invalid regardless of the ratio,passed
DET-0281,tests/domain/estimateAssembly.test.ts,V6-06: supplies allowance validates/uses ONLY the active mode's field > mode: flat -- only the amount is read; the ratio is fully ignored > a negative amount reports invalid,passed
DET-0282,tests/domain/estimateAssembly.test.ts,"V6-06: supplies allowance validates/uses ONLY the active mode's field > mode: flat -- only the amount is read; the ratio is fully ignored > a valid amount contributes exactly itself, even with a garbage/negative/out-of-range ratio sitting inactive",passed
DET-0283,tests/domain/estimateAssembly.test.ts,V6-06: supplies allowance validates/uses ONLY the active mode's field > mode: paintPercent -- only the ratio is read; the amount is fully ignored > a blank ratio reports incomplete regardless of the amount,passed
DET-0284,tests/domain/estimateAssembly.test.ts,V6-06: supplies allowance validates/uses ONLY the active mode's field > mode: paintPercent -- only the ratio is read; the amount is fully ignored > a malformed ratio reports invalid regardless of the amount,passed
DET-0285,tests/domain/estimateAssembly.test.ts,V6-06: supplies allowance validates/uses ONLY the active mode's field > mode: paintPercent -- only the ratio is read; the amount is fully ignored > a negative ratio reports invalid,passed
DET-0286,tests/domain/estimateAssembly.test.ts,"V6-06: supplies allowance validates/uses ONLY the active mode's field > mode: paintPercent -- only the ratio is read; the amount is fully ignored > a valid ratio contributes ratio*paintCost, even with a garbage/negative/blank amount sitting inactive",passed
DET-0287,tests/domain/estimateAssembly.test.ts,V6-06: supplies allowance validates/uses ONLY the active mode's field > switching modes never mixes stale values from a previously-active mode > flat -> none -> flat: a value entered while flat was active still applies once flat is reselected,passed
DET-0288,tests/domain/estimateAssembly.test.ts,V6-06: supplies allowance validates/uses ONLY the active mode's field > switching modes never mixes stale values from a previously-active mode > paintPercent -> flat: the old ratio never leaks into the new flat total,passed
DET-0289,tests/domain/estimateAssembly.test.ts,V5-07/CORE-021: a custom selling total enforces at most two fractional digits > rejects three fractional digits (12.005),passed
DET-0290,tests/domain/estimateAssembly.test.ts,V5-07/CORE-021: a custom selling total enforces at most two fractional digits > accepts exactly two fractional digits (12.01),passed
DET-0291,tests/domain/estimateAssembly.test.ts,V5-07/CORE-021: a custom selling total enforces at most two fractional digits > accepts a whole-dollar amount with no decimal point,passed
DET-0292,tests/domain/estimateAssembly.test.ts,V5-07/CORE-021: a custom selling total enforces at most two fractional digits > rejects four fractional digits (500.0001),passed
DET-0293,tests/domain/estimateAssembly.test.ts,"V6-04: opening counts (quick doorCount/windowCount, detailed entry count) must be nonnegative integers within the approved bound > quick mode > accepts zero (no openings)",passed
DET-0294,tests/domain/estimateAssembly.test.ts,"V6-04: opening counts (quick doorCount/windowCount, detailed entry count) must be nonnegative integers within the approved bound > quick mode > accepts the maximum bound (100000)",passed
DET-0295,tests/domain/estimateAssembly.test.ts,"V6-04: opening counts (quick doorCount/windowCount, detailed entry count) must be nonnegative integers within the approved bound > quick mode > rejects a negative door count, never adding area or producing a price",passed
DET-0296,tests/domain/estimateAssembly.test.ts,"V6-04: opening counts (quick doorCount/windowCount, detailed entry count) must be nonnegative integers within the approved bound > quick mode > rejects a negative window count",passed
DET-0297,tests/domain/estimateAssembly.test.ts,"V6-04: opening counts (quick doorCount/windowCount, detailed entry count) must be nonnegative integers within the approved bound > quick mode > rejects a fractional count reaching the model by any path other than the UI (e.g. a non-integer number)",passed
DET-0298,tests/domain/estimateAssembly.test.ts,"V6-04: opening counts (quick doorCount/windowCount, detailed entry count) must be nonnegative integers within the approved bound > quick mode > rejects a count above the approved maximum (100001)",passed
DET-0299,tests/domain/estimateAssembly.test.ts,"V6-04: opening counts (quick doorCount/windowCount, detailed entry count) must be nonnegative integers within the approved bound > quick mode > ignores detailed-mode openings entirely while in quick mode (inactive-mode fields never contribute)",passed
DET-0300,tests/domain/estimateAssembly.test.ts,"V6-04: opening counts (quick doorCount/windowCount, detailed entry count) must be nonnegative integers within the approved bound > detailed mode > accepts a valid positive count",passed
DET-0301,tests/domain/estimateAssembly.test.ts,"V6-04: opening counts (quick doorCount/windowCount, detailed entry count) must be nonnegative integers within the approved bound > detailed mode > accepts zero (an opening entry contributing no deduction)",passed
DET-0302,tests/domain/estimateAssembly.test.ts,"V6-04: opening counts (quick doorCount/windowCount, detailed entry count) must be nonnegative integers within the approved bound > detailed mode > rejects a negative count, never adding area or producing a price",passed
DET-0303,tests/domain/estimateAssembly.test.ts,"V6-04: opening counts (quick doorCount/windowCount, detailed entry count) must be nonnegative integers within the approved bound > detailed mode > rejects a fractional count",passed
DET-0304,tests/domain/estimateAssembly.test.ts,"V6-04: opening counts (quick doorCount/windowCount, detailed entry count) must be nonnegative integers within the approved bound > detailed mode > rejects a count above the approved maximum",passed
DET-0305,tests/domain/estimateAssembly.test.ts,"V6-04: opening counts (quick doorCount/windowCount, detailed entry count) must be nonnegative integers within the approved bound > detailed mode > ignores quick-mode doorCount/windowCount entirely while in detailed mode",passed
DET-0306,tests/domain/estimateAssembly.test.ts,"V6-04: opening counts (quick doorCount/windowCount, detailed entry count) must be nonnegative integers within the approved bound > switching modes: a room with a garbage quick count and a valid detailed opening computes correctly once switched to detailed",passed
DET-0307,tests/domain/estimateAssembly.test.ts,"V6-04: opening counts (quick doorCount/windowCount, detailed entry count) must be nonnegative integers within the approved bound > disabling deductions ignores an invalid count entirely (deduction inactive -> counts inactive)",passed
DET-0308,tests/domain/healthRequirements.test.ts,"HEALTH-002/003: the price boundary at target 35% on ""the same service"" -- HEALTH-001's own wall fixture (42/350gal, coats 2, waste 0.1, throughput 150, rate 32, overhead 0.15), whose approx/minimum prices are $1.22/$1.23 > HEALTH-001 sanity: the fixture's own approx/minimum prices are $1.22/$1.23",passed
DET-0309,tests/domain/healthRequirements.test.ts,"HEALTH-002/003: the price boundary at target 35% on ""the same service"" -- HEALTH-001's own wall fixture (42/350gal, coats 2, waste 0.1, throughput 150, rate 32, overhead 0.15), whose approx/minimum prices are $1.22/$1.23 > HEALTH-002: price $1.22 is below the 35% target, and displays as 34.9% (rounded), never labeled target-meeting",passed
DET-0310,tests/domain/healthRequirements.test.ts,"HEALTH-002/003: the price boundary at target 35% on ""the same service"" -- HEALTH-001's own wall fixture (42/350gal, coats 2, waste 0.1, throughput 150, rate 32, overhead 0.15), whose approx/minimum prices are $1.22/$1.23 > HEALTH-003: price $1.23 clears the 35% target -- the smallest cent price that does",passed
DET-0311,tests/domain/healthRequirements.test.ts,"HEALTH-005: a trim service (width 0.5, coats 2, throughput 40, rate 32, paint 42/350gal, waste 0.1) matches the exact matrix per-unit figures before overhead > area/unit=0.5 (linear-ft basis), paint/unit=$0.132, labor/unit=$1.60 -- units stay linear feet, not square feet",passed
DET-0312,tests/domain/healthRequirements.test.ts,"HEALTH-006: a door service (3x7, 2 sides, coats 2, 0.75hr/side/coat, rate 32, paint 42/350, waste 0.1) matches the exact matrix per-unit figures, with no whole-gallon purchase charge > paint/unit=$11.088, labor/unit=$96.00, and the per-unit paint cost is a fractional consumption rate, never a $42 whole-gallon charge",passed
DET-0313,tests/domain/healthRequirements.test.ts,"HEALTH-007: additional per-unit labor hours (0.25 at $32/hr) add exactly $8 to direct cost, and overhead applies to that $8 exactly once > $8 direct-cost delta, and the overhead delta on that $8 matches overheadRatio*8 exactly (not zero, not doubled)",passed
DET-0314,tests/domain/healthRequirements.test.ts,"HEALTH-008: a per-unit direct expense of $10 at overhead ratio 0.15 adds exactly $1.50 of overhead -- the expense is IN the overhead base, never omitted > the overhead delta between $0 and $10 direct expense is exactly $1.50",passed
DET-0315,tests/domain/healthRequirements.test.ts,"HEALTH-009: a project-level $50 default travel amount is never automatically added to a service's per-unit direct expense > a service with directExpensePerUnit=""0"" ignores the project's $50 default travel amount entirely",passed
DET-0316,tests/domain/healthRequirements.test.ts,"HEALTH-014: changing the target margin from 35% to 60% never changes the modeled cost -- only the status, re-evaluated at the same live price > a fixed $1.00 modeled cost and $1.80 selling price is above target at 35% but below target at 60%",passed
DET-0317,tests/domain/healthRequirements.test.ts,"HEALTH-015: a live paint-price increase (42 -> 49) raises the modeled cost and lowers margin on every re-evaluation -- Price Book Health always reads the LIVE catalog, never a frozen snapshot > re-evaluating the same service against a live catalog price of $49 (was $42) increases modeled cost and decreases margin",passed
DET-0318,tests/domain/interiorHandoff.test.ts,"buildProjectFromInteriorHandoff > carries room dimensions, opening counts, and paint price/coverage over exactly",passed
DET-0319,tests/domain/interiorHandoff.test.ts,buildProjectFromInteriorHandoff > INT-008/009: marks the wall surface disabled for a ceiling-only room (includeWalls:false),passed
DET-0320,tests/domain/interiorHandoff.test.ts,"buildProjectFromInteriorHandoff > a payload with no includeWalls field at all (pre-INT-008/009) still enables the wall surface, for backward compatibility",passed
DET-0321,tests/domain/interiorHandoff.test.ts,buildProjectFromInteriorHandoff > adds a ceiling surface when the free tool had it enabled,passed
DET-0322,tests/domain/interiorHandoff.test.ts,"buildProjectFromInteriorHandoff > explicitly lists the labor rate as an unsupported/not-transferred field, never silently dropped",passed
DET-0323,tests/domain/interiorHandoff.test.ts,"buildProjectFromInteriorHandoff > the resulting revision computes a COMPLETE, correct estimate through the real Pro assembly pipeline",passed
DET-0324,tests/domain/interiorHandoff.test.ts,buildProjectFromInteriorHandoff > never mutates the input payload (pure function),passed
DET-0325,tests/domain/interiorHandoff.test.ts,"buildProjectFromInteriorHandoff > V5-09: prep/cleanup hours are preserved as an additionalLabor line, or explicitly disclosed > preserves entered prep hours as a named additionalLabor line, costed at the DESTINATION business rate (32/hr from settings())",passed
DET-0326,tests/domain/interiorHandoff.test.ts,"buildProjectFromInteriorHandoff > V5-09: prep/cleanup hours are preserved as an additionalLabor line, or explicitly disclosed > the transferred hours contribute real labor cost through the actual Pro assembly pipeline",passed
DET-0327,tests/domain/interiorHandoff.test.ts,"buildProjectFromInteriorHandoff > V5-09: prep/cleanup hours are preserved as an additionalLabor line, or explicitly disclosed > discloses prep hours as explicitly omitted when the destination business has no configured loaded hourly rate",passed
DET-0328,tests/domain/interiorHandoff.test.ts,"buildProjectFromInteriorHandoff > V5-09: prep/cleanup hours are preserved as an additionalLabor line, or explicitly disclosed > a blank/zero prepHours adds no line and no disclosure note — nothing was actually entered",passed
DET-0329,tests/domain/interiorHandoff.test.ts,"buildProjectFromInteriorHandoff > INT-010: a detailed-mode handoff carries measured openings through exactly, not the quick counts > sets openingMode:""detailed"" and copies each opening entry verbatim with a fresh id",passed
DET-0330,tests/domain/interiorHandoff.test.ts,"buildProjectFromInteriorHandoff > INT-010: a detailed-mode handoff carries measured openings through exactly, not the quick counts > the transferred detailed opening produces EXACTLY the same net area through the real Pro assembly as the free tool itself computed",passed
DET-0331,tests/domain/interiorHandoff.test.ts,"buildProjectFromInteriorHandoff > INT-010: a detailed-mode handoff carries measured openings through exactly, not the quick counts > a payload with openingMode omitted (pre-INT-010) still builds quick mode, for backward compatibility",passed
DET-0332,tests/domain/interiorHandoff.test.ts,"buildProjectFromInteriorHandoff > INT-010: a detailed-mode handoff carries measured openings through exactly, not the quick counts > openingMode:""detailed"" with an empty openings array falls back to quick mode rather than an unusable empty detailed room",passed
DET-0333,tests/domain/lifeBackRequirements.test.ts,"LIFE-011: renaming and reordering rooms preserves every room/surface ID and owning relationship > rename never touches the id, and reorder swaps array position only -- surfaceIds ownership is untouched by either",passed
DET-0334,tests/domain/lifeBackRequirements.test.ts,"LIFE-013: an interrupted issue-time write leaves either the prior state or the complete issued state -- never a half-issued record > a version-conflicting write attempt (simulating an interruption/concurrent change) throws BEFORE anything is persisted, leaving the stored project exactly as it was pre-issue",passed
DET-0335,tests/domain/lifeBackRequirements.test.ts,"BACK-024: two projects that happen to share the same visible title retain fully distinct IDs -- restore never deduplicates by title > two same-titled, different-ID projects both survive a merge plan as separate ""add"" entries, never collapsed into one",passed
DET-0336,tests/domain/lifeBackRequirements.test.ts,"BACK-023 (proposed hardening): malicious-looking keys/text in a backup never pollute a prototype or execute as code > a project with __proto__/constructor-named keys and script-like text round-trips as inert, ordinary data -- never a polluted global prototype",passed
DET-0337,tests/domain/lifecycle.test.ts,LIFE-D01: draft snapshot survives a live catalog edit > a draft created at paint $42 still shows $42 after the live catalog changes to $49; a NEW draft shows $49,passed
DET-0338,tests/domain/lifecycle.test.ts,"LIFE-D01: draft snapshot survives a live catalog edit > mutating the returned snapshot object never touches the source settings/catalog objects (deep copy, not a reference)",passed
DET-0339,tests/domain/lifecycle.test.ts,"LIFE-D02: issuing freezes a revision; editing after issue creates a NEW draft, original unchanged > the issued revision object is never mutated by a later edit",passed
DET-0340,tests/domain/lifecycle.test.ts,"LIFE-D02: issuing freezes a revision; editing after issue creates a NEW draft, original unchanged > creating a draft from an issued revision does NOT itself supersede the issued one; only a new issue does",passed
DET-0341,tests/domain/lifecycle.test.ts,"LIFE-D02: issuing freezes a revision; editing after issue creates a NEW draft, original unchanged > creating a new draft from an issued revision that itself had a preRefreshCheckpoint starts with NO checkpoint of its own (a fresh draft has no undo-refresh history yet)",passed
DET-0342,tests/domain/lifecycle.test.ts,DOC-P01: customer document allow-list > never exposes internal cost/margin fields even if present on the source revision,passed
DET-0343,tests/domain/lifecycle.test.ts,DOC-P01: customer document allow-list > a hand-assembled object with a leaked private field is caught by the allow-list guard,passed
DET-0344,tests/domain/lifecycle.test.ts,"upsertRevision: saving a NEW draft revision must APPEND it, not silently drop it (found live in the browser) > a revision whose id is not yet in project.revisions gets appended, not lost",passed
DET-0345,tests/domain/lifecycle.test.ts,"upsertRevision: saving a NEW draft revision must APPEND it, not silently drop it (found live in the browser) > a revision whose id already exists in project.revisions is replaced in place, not duplicated",passed
DET-0346,tests/domain/lifecycle.test.ts,upsertActualReview: ACT-013/014 regression — recorded actuals must actually persist onto the project > a first-time save appends a new ActualReview rather than leaving it as unsaved UI state,passed
DET-0347,tests/domain/lifecycle.test.ts,upsertActualReview: ACT-013/014 regression — recorded actuals must actually persist onto the project > re-saving the same review id updates it in place rather than duplicating,passed
DET-0348,tests/domain/lifecycle.test.ts,LIFE-D07: duplicating a project gets fresh IDs and drops issued/actual state > produces independent nested objects with correctly remapped room/surface links,passed
DET-0349,tests/domain/logo.test.ts,"sniffImageFormat: derives format from bytes, never from a filename or declared type > recognizes a PNG magic number",passed
DET-0350,tests/domain/logo.test.ts,"sniffImageFormat: derives format from bytes, never from a filename or declared type > recognizes a JPEG magic number",passed
DET-0351,tests/domain/logo.test.ts,"sniffImageFormat: derives format from bytes, never from a filename or declared type > recognizes a WebP (RIFF....WEBP) magic number",passed
DET-0352,tests/domain/logo.test.ts,"sniffImageFormat: derives format from bytes, never from a filename or declared type > returns null for SVG text, even one with an embedded <script> tag",passed
DET-0353,tests/domain/logo.test.ts,"sniffImageFormat: derives format from bytes, never from a filename or declared type > returns null for an empty buffer",passed
DET-0354,tests/domain/logo.test.ts,"sniffImageFormat: derives format from bytes, never from a filename or declared type > returns null for arbitrary/random bytes",passed
DET-0355,tests/domain/logo.test.ts,validateLogoBytes: format + size > accepts a well-formed small PNG,passed
DET-0356,tests/domain/logo.test.ts,validateLogoBytes: format + size > rejects an empty file,passed
DET-0357,tests/domain/logo.test.ts,validateLogoBytes: format + size > rejects a file exactly 1 byte over the 1 MiB limit (BACK-019),passed
DET-0358,tests/domain/logo.test.ts,validateLogoBytes: format + size > accepts a file at exactly the 1 MiB limit,passed
DET-0359,tests/domain/logo.test.ts,"validateLogoBytes: format + size > rejects SVG content outright, regardless of size",passed
DET-0360,tests/domain/logo.test.ts,validateLogoBytes: format + size > rejects a corrupt/unrecognized payload,passed
DET-0361,tests/domain/logo.test.ts,"bytesToBase64 / base64ToBytes round trip exactly > round-trips arbitrary bytes, including 0x00 and 0xff",passed
DET-0362,tests/domain/logo.test.ts,"parseLogoDataUri: the import/read-back path, re-verified from actual content > accepts a well-formed PNG data URI",passed
DET-0363,tests/domain/logo.test.ts,"parseLogoDataUri: the import/read-back path, re-verified from actual content > rejects a data URI with a non-image scheme",passed
DET-0364,tests/domain/logo.test.ts,"parseLogoDataUri: the import/read-back path, re-verified from actual content > rejects a data URI whose declared type does not match its actual bytes (spoofed MIME)",passed
DET-0365,tests/domain/logo.test.ts,"parseLogoDataUri: the import/read-back path, re-verified from actual content > rejects malformed base64 content",passed
DET-0366,tests/domain/logo.test.ts,"parseLogoDataUri: the import/read-back path, re-verified from actual content > rejects an SVG masquerading as a data URI with an image/png declaration",passed
DET-0367,tests/domain/logo.test.ts,"parseLogoDataUri: the import/read-back path, re-verified from actual content > rejects an oversized embedded payload (BACK-019, decoded from the data URI)",passed
DET-0368,tests/domain/logoFixtureIntegrity.test.ts,"Logo fixture integrity: tests/fixtures/images/pep-logo-real.png is a real, visible logo > decodes as a real PNG with the documented dimensions",passed
DET-0369,tests/domain/logoFixtureIntegrity.test.ts,"Logo fixture integrity: tests/fixtures/images/pep-logo-real.png is a real, visible logo > dimensions are at or above the minimum supported logo size in both axes",passed
DET-0370,tests/domain/logoFixtureIntegrity.test.ts,"Logo fixture integrity: tests/fixtures/images/pep-logo-real.png is a real, visible logo > is NOT fully transparent -- has real, meaningful alpha coverage (the exact defect the v7.1 fixture had)",passed
DET-0371,tests/domain/logoFixtureIntegrity.test.ts,"Logo fixture integrity: tests/fixtures/images/pep-logo-real.png is a real, visible logo > has real color variation -- not a uniform/blank single-color block",passed
DET-0372,tests/domain/logoFixtureIntegrity.test.ts,"Logo fixture integrity: tests/fixtures/images/pep-logo-real.png is a real, visible logo > has zero visible (fully-opaque, non-background) pixels only if genuinely blank -- this fixture is not",passed
DET-0373,tests/domain/logoFixtureIntegrity.test.ts,"Regression proof: these same checks correctly REJECT the exact v7.1 defect (a fully transparent fixture) > a fully transparent fixture fails the ""has real alpha coverage"" check",passed
DET-0374,tests/domain/logoFixtureIntegrity.test.ts,Regression proof: these same checks correctly REJECT the exact v7.1 defect (a fully transparent fixture) > a fully transparent fixture has zero visible pixels,passed
DET-0375,tests/domain/rateRefresh.test.ts,previewRateRefresh > reports a changed price for a variant the draft actually uses,passed
DET-0376,tests/domain/rateRefresh.test.ts,previewRateRefresh > flags a variant that was deleted from the live catalog but is still referenced by a surface,passed
DET-0377,tests/domain/rateRefresh.test.ts,applyRateRefresh > does nothing until applied — preview alone never mutates the draft,passed
DET-0378,tests/domain/rateRefresh.test.ts,"applyRateRefresh > ""retain"" keeps a deleted variant usable by copying it forward from the OLD snapshot",passed
DET-0379,tests/domain/rateRefresh.test.ts,"applyRateRefresh > ""replaceWith"" repoints the surface at a new variant and does not need to retain the old one",passed
DET-0380,tests/domain/rateRefresh.test.ts,applyRateRefresh > never touches a custom proposed price,passed
DET-0381,tests/domain/rateRefresh.test.ts,applyRateRefresh > throws rather than silently refreshing an issued revision,passed
DET-0382,tests/domain/rateRefresh.test.ts,V5-08: preRefreshCheckpoint (DATA_CONTRACT.md #3 durable recovery point) > applyRateRefresh embeds the exact pre-refresh revision as a checkpoint field on its result,passed
DET-0383,tests/domain/rateRefresh.test.ts,V5-08: preRefreshCheckpoint (DATA_CONTRACT.md #3 durable recovery point) > undoRateRefresh restores the exact pre-refresh revision,passed
DET-0384,tests/domain/rateRefresh.test.ts,V5-08: preRefreshCheckpoint (DATA_CONTRACT.md #3 durable recovery point) > returns null when there is no checkpoint to restore,passed
DET-0385,tests/domain/rateRefresh.test.ts,V5-08: preRefreshCheckpoint (DATA_CONTRACT.md #3 durable recovery point) > a SECOND refresh replaces the checkpoint rather than nesting it -- only the most recent pre-refresh state is kept,passed
DET-0386,tests/domain/reorder.test.ts,PRO-014: moveRoom reorders display order only > moving the middle room up swaps it with the first,passed
DET-0387,tests/domain/reorder.test.ts,PRO-014: moveRoom reorders display order only > moving the middle room down swaps it with the last,passed
DET-0388,tests/domain/reorder.test.ts,PRO-014: moveRoom reorders display order only > moving the first room up is a no-op (boundary),passed
DET-0389,tests/domain/reorder.test.ts,PRO-014: moveRoom reorders display order only > moving the last room down is a no-op (boundary),passed
DET-0390,tests/domain/reorder.test.ts,PRO-014: moveRoom reorders display order only > room ids and their surfaceIds cross-references are completely unchanged by reordering,passed
DET-0391,tests/domain/reorder.test.ts,"PRO-014: moveRoom reorders display order only > a nonexistent room id is a no-op, not a crash",passed
DET-0392,tests/domain/reorder.test.ts,PRO-014: moveRoom reorders display order only > reordering rooms does not change the calculated estimate at all,passed
DET-0393,tests/domain/reorder.test.ts,PRO-014: moveRoom reorders display order only > the customer document's scope-line order follows the new room order,passed
DET-0394,tests/domain/reorder.test.ts,"PRO-014: moveRoom reorders display order only > a reordered room order survives a full export/validate/import round trip, and import-as-copy preserves it too",passed
DET-0395,tests/domain/reorder.test.ts,PRO-014: moveSurfaceWithinGroup reorders siblings sharing the same room (or standalone group) only > moving the middle standalone surface up swaps it with the first,passed
DET-0396,tests/domain/reorder.test.ts,PRO-014: moveSurfaceWithinGroup reorders siblings sharing the same room (or standalone group) only > moving the first standalone surface up is a no-op (boundary),passed
DET-0397,tests/domain/reorder.test.ts,PRO-014: moveSurfaceWithinGroup reorders siblings sharing the same room (or standalone group) only > moving the last standalone surface down is a no-op (boundary),passed
DET-0398,tests/domain/reorder.test.ts,PRO-014: moveSurfaceWithinGroup reorders siblings sharing the same room (or standalone group) only > a surface belonging to a DIFFERENT room is never swapped with -- only same-group siblings move,passed
DET-0399,tests/domain/reorder.test.ts,PRO-014: moveSurfaceWithinGroup reorders siblings sharing the same room (or standalone group) only > does not change calculated totals,passed
DET-0400,tests/domain/reorder.test.ts,"PRO-014: moveSurfaceWithinGroup reorders siblings sharing the same room (or standalone group) only > a nonexistent surface id is a no-op, not a crash",passed
DET-0401,tests/domain/reviewWarnings.test.ts,"COST-019: an overhead ratio above 0.5 is valid and produces a nonblocking warning, never an invalid/blocked result > overheadRatio=1 (100%) still completes with directCost=100 -> overhead=100, total=200, plus a warning",passed
DET-0402,tests/domain/reviewWarnings.test.ts,"COST-019: an overhead ratio above 0.5 is valid and produces a nonblocking warning, never an invalid/blocked result > a normal overheadRatio (0.15) produces no overhead warning",passed
DET-0403,tests/domain/reviewWarnings.test.ts,"COST-019: an overhead ratio above 0.5 is valid and produces a nonblocking warning, never an invalid/blocked result > exactly 0.5 (the boundary itself) does not warn -- only strictly above 0.5 does",passed
DET-0404,tests/domain/reviewWarnings.test.ts,"COST-019: an overhead ratio above 0.5 is valid and produces a nonblocking warning, never an invalid/blocked result > 0.500001 (just above the boundary) does warn",passed
DET-0405,tests/domain/reviewWarnings.test.ts,CALCULATION_SPEC section 1: a waste ratio above 0.5 on any surface is valid and produces a nonblocking warning > a surface with wasteRatio=0.6 completes normally and includes a waste warning naming that surface,passed
DET-0406,tests/domain/reviewWarnings.test.ts,CALCULATION_SPEC section 1: a waste ratio above 0.5 on any surface is valid and produces a nonblocking warning > a normal wasteRatio (0.10) produces no waste warning,passed
DET-0407,tests/domain/reviewWarnings.test.ts,"An incomplete or invalid result never carries warnings (warnings are only meaningful alongside a real computed value) > an incomplete revision (no surfaces) reports an empty warnings array, not a stale one",passed
DET-0408,tests/domain/serviceHealthAssembly.test.ts,assembleServiceHealth > computes a wall service unit cost matching hand-derived arithmetic,passed
DET-0409,tests/domain/serviceHealthAssembly.test.ts,assembleServiceHealth > reports incomplete when no paint variant is selected,passed
DET-0410,tests/domain/serviceHealthAssembly.test.ts,assembleServiceHealth > reports incomplete when the referenced paint variant no longer exists in the catalog,passed
DET-0411,tests/domain/serviceHealthAssembly.test.ts,"assembleServiceHealth > a missing selling price is a valid state, not an error — the row still computes a required price",passed
DET-0412,tests/domain/serviceHealthAssembly.test.ts,"assembleServiceHealth > a zero selling price is valid (not treated as missing) and retains the real negative profit, per the established zero-price-margin rule (margin undefined only when price is exactly 0)",passed
DET-0413,tests/domain/serviceHealthAssembly.test.ts,assembleServiceHealth > a selling price above modeled cost produces a positive margin; below cost produces a negative one,passed
DET-0414,tests/domain/serviceHealthAssembly.test.ts,assembleServiceHealth > falls back to the global settings default throughput/rate when the service has no override,passed
DET-0415,tests/domain/serviceHealthAssembly.test.ts,assembleServiceHealth > reports incomplete when there is no per-service AND no global default throughput,passed
DET-0416,tests/domain/serviceHealthAssembly.test.ts,assembleServiceHealth > computes a ceiling service using the ceiling throughput default,passed
DET-0417,tests/domain/serviceHealthAssembly.test.ts,assembleServiceHealth > computes a trim service using developedWidthFt as the per-linear-ft area basis,passed
DET-0418,tests/domain/serviceHealthAssembly.test.ts,assembleServiceHealth > reports incomplete for a trim service missing developedWidthFt,passed
DET-0419,tests/domain/serviceHealthAssembly.test.ts,assembleServiceHealth > computes a door service using width*height*paintedSides as the per-door area basis,passed
DET-0420,tests/domain/serviceHealthAssembly.test.ts,assembleServiceHealth > reports incomplete for a door service missing paintedSides,passed
DET-0421,tests/domain/serviceHealthAssembly.test.ts,assembleServiceHealth > rejects an invalid (non-numeric) waste ratio,passed
DET-0422,tests/domain/serviceHealthAssembly.test.ts,"assembleServiceHealth > V5-01: targetMarginRatio boundary (CALCULATION_SPEC §1: 0 <= m < 1) > rejects a 100% target as a structured invalid state, never throwing",passed
DET-0423,tests/domain/serviceHealthAssembly.test.ts,assembleServiceHealth > V5-01: targetMarginRatio boundary (CALCULATION_SPEC §1: 0 <= m < 1) > rejects a target just above 100% (1.001),passed
DET-0424,tests/domain/serviceHealthAssembly.test.ts,assembleServiceHealth > V5-01: targetMarginRatio boundary (CALCULATION_SPEC §1: 0 <= m < 1) > rejects a negative target,passed
DET-0425,tests/domain/serviceHealthAssembly.test.ts,assembleServiceHealth > V5-01: targetMarginRatio boundary (CALCULATION_SPEC §1: 0 <= m < 1) > accepts a target just below 100% (0.999),passed
DET-0426,tests/domain/serviceHealthAssembly.test.ts,"assembleServiceHealth > V5-01: targetMarginRatio boundary (CALCULATION_SPEC §1: 0 <= m < 1) > accepts exactly 0% (a valid, if unusual, target)",passed
DET-0427,tests/domain/serviceRefresh.test.ts,CAT-008: previewServiceDefaultsRefresh reports only fields the service actually customized > a service with no customizations at all reports zero field changes,passed
DET-0428,tests/domain/serviceRefresh.test.ts,CAT-008: previewServiceDefaultsRefresh reports only fields the service actually customized > wall: a customized throughput that now differs from the live wallThroughput default is reported,passed
DET-0429,tests/domain/serviceRefresh.test.ts,"CAT-008: previewServiceDefaultsRefresh reports only fields the service actually customized > ceiling: uses ceilingThroughput as the live default, not wallThroughput",passed
DET-0430,tests/domain/serviceRefresh.test.ts,CAT-008: previewServiceDefaultsRefresh reports only fields the service actually customized > trim: uses trimThroughput as the live default,passed
DET-0431,tests/domain/serviceRefresh.test.ts,"CAT-008: previewServiceDefaultsRefresh reports only fields the service actually customized > door: uses doorHoursPerSidePerCoat as the live default, and throughput is not applicable to doors at all",passed
DET-0432,tests/domain/serviceRefresh.test.ts,"CAT-008: previewServiceDefaultsRefresh reports only fields the service actually customized > reports every customized field at once (coats, wasteRatio, loadedHourlyRate, throughput)",passed
DET-0433,tests/domain/serviceRefresh.test.ts,"CAT-008: previewServiceDefaultsRefresh reports only fields the service actually customized > a customized field that HAPPENS to equal the current live default is still reported as customized -- ""differs"" is not the only trigger, being an explicit override is",passed
DET-0434,tests/domain/serviceRefresh.test.ts,CAT-008: previewServiceDefaultsRefresh reports only fields the service actually customized > geometry fields (developedWidthFt/widthFt/heightFt/paintedSides) are never reported -- no business-level default exists for them,passed
DET-0435,tests/domain/serviceRefresh.test.ts,"CAT-008: previewServiceDefaultsRefresh reports only fields the service actually customized > flags a deleted paint variant (matched by id only, never by display name)",passed
DET-0436,tests/domain/serviceRefresh.test.ts,CAT-008: previewServiceDefaultsRefresh reports only fields the service actually customized > no variantMissing flag when the variant id still exists in the catalog,passed
DET-0437,tests/domain/serviceRefresh.test.ts,"CAT-008: applyServiceDefaultsRefresh reverts ONLY the chosen fields to null, preserving everything else > reverting the chosen field(s) sets them to null, leaving unrelated fields untouched",passed
DET-0438,tests/domain/serviceRefresh.test.ts,"CAT-008: applyServiceDefaultsRefresh reverts ONLY the chosen fields to null, preserving everything else > reverting multiple fields at once",passed
DET-0439,tests/domain/serviceRefresh.test.ts,"CAT-008: applyServiceDefaultsRefresh reverts ONLY the chosen fields to null, preserving everything else > choosing to revert NO fields leaves the service completely unchanged (Cancel-equivalent)",passed
DET-0440,tests/domain/serviceRefresh.test.ts,"CAT-008: applyServiceDefaultsRefresh reverts ONLY the chosen fields to null, preserving everything else > does not mutate the input service (pure function)",passed
DET-0441,tests/domain/serviceRefresh.test.ts,"CAT-008: applyServiceDefaultsRefresh reverts ONLY the chosen fields to null, preserving everything else > after reverting, the service correctly tracks a FURTHER live settings change (proves it truly resumed live-default resolution, not just a one-time copy)",passed
DET-0442,tests/domain/serviceRefresh.test.ts,"CAT-008: applyServiceDefaultsRefresh reverts ONLY the chosen fields to null, preserving everything else > the cost/price/margin impact of reverting is independently computable through the real assembleServiceHealth before and after",passed
DET-0443,tests/domain/serviceRefresh.test.ts,"CAT-008: no automatic refresh happens during ordinary field edits > assembleServiceHealth never mutates or ""fixes"" a customized field on its own -- it is a pure read",passed
DET-0444,tests/domain/stateTransitions.test.ts,State transition: blank -> incomplete -> complete -> invalid -> complete > walks the full calculation-state cycle through the real assembly pipeline at every step,passed
DET-0445,tests/domain/stateTransitions.test.ts,"State transition: draft -> saved -> reopened -> refreshed -> undone -> issued > walks the full revision lifecycle, asserting numeric state at every step",passed
DET-0446,tests/domain/stateTransitions.test.ts,"State transition: issued -> new draft -> changed -> issued -> prior superseded > walks the revision-supersession lifecycle, confirming the prior issued revision is never mutated",passed
DET-0447,tests/domain/stateTransitions.test.ts,State transition: estimated -> partial actuals -> complete actuals -> reopened > walks the actual-cost review lifecycle through evaluateActualReview at every step,passed
DET-0448,tests/domain/stateTransitions.test.ts,State transition: exported -> previewed -> cancelled (no writes) > planning a restore merge and then discarding it never mutates the original project data,passed
DET-0449,tests/domain/stateTransitions.test.ts,"State transition: exported -> imported as copy > import-as-copy produces a numerically-identical but distinctly-ID'd project, original untouched",passed
DET-0450,tests/domain/stateTransitions.test.ts,State transition: draft -> rate preview -> cancel (no writes) > previewing a rate refresh never mutates the draft when the user cancels instead of applying it,passed
DET-0451,tests/domain/stateTransitions.test.ts,"State transition: draft -> rate refresh -> undo -> reapply > reapplying the same live rates after an undo reaches the identical refreshed numeric state, not a drifted one",passed
DET-0452,tests/domain/stateTransitions.test.ts,"State transition: export -> merge conflict -> resolve -> restore > a same-id project conflict resolved as ""replace imported"" commits the imported content, and originally-untouched records are preserved unchanged",passed
DET-0453,tests/domain/stateTransitions.test.ts,"State transition: supported -> out-of-range -> corrected > an aggregate that exceeds the supported ceiling is flagged, then a corrected input brings it back to a normal supported result",passed
DET-0454,tests/engine/actuals.test.ts,ACT: actual-cost review > ACT-01 (V10): confirming materials alone leaves the review in_progress with no final profit/margin,passed
DET-0455,tests/engine/actuals.test.ts,"ACT: actual-cost review > ACT-02: explicit zero in every category is valid and finalizes (zero is not ""missing"")",passed
DET-0456,tests/engine/actuals.test.ts,ACT: actual-cost review > ACT-03: confirmed=true but amount=null does not count as a completed category,passed
DET-0457,tests/engine/actuals.test.ts,"ACT: actual-cost review > ACT-04 (loss, v2.1 regression): a loss retains negative profit AND a real negative margin, never suppressed",passed
DET-0458,tests/engine/actuals.test.ts,"ACT: actual-cost review > ACT-05 (zero baseline price, v2.1 regression): margin is null, but the loss amount is still retained",passed
DET-0459,tests/engine/actuals.test.ts,"ACT: actual-cost review > ACT-06 (mutation guard): margin is gated on baselinePrice > 0, NOT on profit being positive",passed
DET-0460,tests/engine/actuals.test.ts,"ACT: actual-cost review > CORE-006: an omitted actual-cost category (unconfirmed, amount null) stays null -- never treated as an explicit zero",passed
DET-0461,tests/engine/actuals.test.ts,ACT: actual-cost review > ACT-001: zero categories confirmed (a freshly opened review) is in_progress with confirmedCategories=0 and every final figure null,passed
DET-0462,tests/engine/actuals.test.ts,"ACT: actual-cost review > ACT-004: all four amounts supplied but one left unconfirmed still blocks finalization -- confirmed is what counts, not the presence of an amount",passed
DET-0463,tests/engine/cost.test.ts,"COST: materials, supplies allowance, overhead > COST-01: allowance mode ""none"" contributes zero regardless of stale flat/percent fields",passed
DET-0464,tests/engine/cost.test.ts,"COST: materials, supplies allowance, overhead > COST-02: allowance mode ""flat"" ignores paintPercentRatio",passed
DET-0465,tests/engine/cost.test.ts,"COST: materials, supplies allowance, overhead > COST-03: allowance mode ""paintPercent"" ignores flatAmount and scales off paint cost only",passed
DET-0466,tests/engine/cost.test.ts,"COST: materials, supplies allowance, overhead > COST-04 (mutation guard): allowance never applies to the full materials total, only to paint cost",passed
DET-0467,tests/engine/cost.test.ts,"COST: materials, supplies allowance, overhead > COST-05: overhead is a single allocation method — percent of full direct cost",passed
DET-0468,tests/engine/cost.test.ts,"COST: materials, supplies allowance, overhead > COST-06: travel/expense lines add to otherExpenses, which itself feeds overhead (no double burden)",passed
DET-0469,tests/engine/costRequirements.test.ts,"COST-002: a ceiling of 320ft^2, 2 coats, throughput 120, rate $32/hr computes 16/3 hours and $170.666... (displays $170.67) > matches the exact matrix figures through the real production functions",passed
DET-0470,tests/engine/costRequirements.test.ts,"COST-006: a door with only 1 painted side never implicitly bills for a second side > count=1, coats=2, hoursPerSidePerCoat=0.75, sides=1 -> exactly 1.5 hours, $48.00 at $32/hr",passed
DET-0471,tests/engine/costRequirements.test.ts,COST-006: a door with only 1 painted side never implicitly bills for a second side > the same door with sides=2 costs exactly double -- proving sides=1 truly has no hidden second-side charge,passed
DET-0472,tests/engine/costRequirements.test.ts,"COST-009/010/011: supplies allowance modes with the matrix's exact paint=$126, itemized supplies=$20 fixture > COST-009: allowance mode ""none"" -> materials = $146.00, no hidden default allowance",passed
DET-0473,tests/engine/costRequirements.test.ts,"COST-009/010/011: supplies allowance modes with the matrix's exact paint=$126, itemized supplies=$20 fixture > COST-010: allowance mode ""flat"" at $10 -> materials = $156.00, with the allowance itself shown as exactly $10 (not blended into the other totals)",passed
DET-0474,tests/engine/costRequirements.test.ts,"COST-009/010/011: supplies allowance modes with the matrix's exact paint=$126, itemized supplies=$20 fixture > COST-011: allowance mode ""paintPercent"" at 10% -> $12.60 allowance (10% of PAINT ONLY, $126, not all $146 of materials) -> materials = $158.60",passed
DET-0475,tests/engine/costRequirements.test.ts,COST-012/013: switching allowance mode never blends a stale value from the previously-active mode > COST-012: switching flat($10) -> none while the old 10% ratio is still sitting in the (now inactive) ratio field contributes nothing,passed
DET-0476,tests/engine/costRequirements.test.ts,"COST-012/013: switching allowance mode never blends a stale value from the previously-active mode > COST-013: switching flat($10) -> paintPercent(10%) uses ONLY the 10% ratio ($12.60), never $10+$12.60=$22.60",passed
DET-0477,tests/engine/costRequirements.test.ts,"COST-016: an itemized supplies/other-material line of quantity 3 at $2.50 each adds exactly $7.50, added once > otherMaterialCost([{quantity:3, unitCost:2.50}]) = 7.50, and appears exactly once in materialsTotal (not doubled)",passed
DET-0478,tests/engine/costRequirements.test.ts,"COST-018: a direct cost of $100 with overhead ratio 0 is a valid complete calculation -- zero overhead never rejected > overhead = $0.00, total = $100.00",passed
DET-0479,tests/engine/decimal.test.ts,"CORE-026: HALF_UP rounds negative ties away from zero (symmetric), not toward +Infinity > -0.005 rounds to -0.01, not 0.00 or -0.00",passed
DET-0480,tests/engine/decimal.test.ts,"CORE-026: HALF_UP rounds negative ties away from zero (symmetric), not toward +Infinity > -0.015 rounds to -0.02",passed
DET-0481,tests/engine/decimal.test.ts,"CORE-030: exact decimal arithmetic has no binary-float artifact > 0.1 + 0.2 is exactly 0.3, unlike native JS floating point (0.1+0.2=0.30000000000000004)",passed
DET-0482,tests/engine/decimal.test.ts,CORE-030: exact decimal arithmetic has no binary-float artifact > a sum landing exactly on a whole gallon never gets nudged by float noise before ceiling,passed
DET-0483,tests/engine/decimal.test.ts,"NUM-DEC-001: precision headroom for a chained division that produces a repeating decimal > 110 sqft ceiling, 5 coats, 187 ft2/hr throughput, $139.23/hr: hours = 550/187 does not terminate, but the labor cost it feeds into (819/2 exactly, a mathematically exact $409.50) must not lose enough precision to flip a later HALF_UP tie by a cent",passed
DET-0484,tests/engine/document.test.ts,DOC: free-document ledger and cost-breakdown reconciliation > DOC-01: an untouched blank line contributes nothing (caller filters it before this call),passed
DET-0485,tests/engine/document.test.ts,"DOC: free-document ledger and cost-breakdown reconciliation > DOC-02: tax computes on the ROUNDED subtotal, not on raw unrounded line sums",passed
DET-0486,tests/engine/document.test.ts,DOC: free-document ledger and cost-breakdown reconciliation > DOC-03 (mutation guard): rounding each line first differs from summing raw then rounding once,passed
DET-0487,tests/engine/document.test.ts,DOC: free-document ledger and cost-breakdown reconciliation > COST-reconcile-01: mismatched rounded components surface an explicit adjustment row,passed
DET-0488,tests/engine/document.test.ts,"DOC: free-document ledger and cost-breakdown reconciliation > TPL-005: one simple line, quantity 2 at $12.50, computes a line/subtotal of exactly $25.00",passed
DET-0489,tests/engine/document.test.ts,"DOC: free-document ledger and cost-breakdown reconciliation > TPL-007: one line, quantity 3 at $0.3333, extends to raw $0.9999 -> rounds to $1.00, matching the subtotal",passed
DET-0490,tests/engine/document.test.ts,"DOC: free-document ledger and cost-breakdown reconciliation > TPL-008: disabling tax ignores a retained nonzero taxRatio entirely -- tax=$0, total=subtotal",passed
DET-0491,tests/engine/document.test.ts,DOC: free-document ledger and cost-breakdown reconciliation > TPL-009: tax explicitly enabled at ratio 0 computes a valid $0 tax -- no forced nonzero assumption,passed
DET-0492,tests/engine/estimate.test.ts,PRO-001: independent wall vs ceiling paint variant in the same room > pools wall and ceiling demand SEPARATELY when they use different variants,passed
DET-0493,tests/engine/estimate.test.ts,PRO-001: independent wall vs ceiling paint variant in the same room > pools wall and ceiling TOGETHER when they share the same variant (never splits by surface kind),passed
DET-0494,tests/engine/estimate.test.ts,Standalone trim and door surfaces (no room required) > computes a standalone trim surface using linear-length labor and area-based paint demand,passed
DET-0495,tests/engine/estimate.test.ts,"Standalone trim and door surfaces (no room required) > computes a standalone door surface using per-side-per-coat labor, independent of any room",passed
DET-0496,tests/engine/estimate.test.ts,"Disabled-surface independence (mutation check: ""Include stale inactive mode inputs"") > a disabled surface contributes zero to demand, labor, and cost",passed
DET-0497,tests/engine/estimate.test.ts,"Enabled-and-invalid propagation > marks the whole project invalid when any ENABLED surface is invalid, and returns no partial result",passed
DET-0498,tests/engine/estimate.test.ts,"No enabled surfaces > is treated as invalid/empty, not as a zero-cost complete project",passed
DET-0499,tests/engine/estimate.test.ts,"NUM-DEC-002: summed labor cost must not lose precision when one surface's hours is a repeating decimal that a later multiply would exactly cancel > wall (1255.4 sqft, 2 coats, 12 ft2/hr, $39/hr) + trim (287ft, 5 coats, 40 ft/hr, $31/hr): each surface's own labor cost is exact (8160.1 and 1112.125 respectively -- confirmed independently with Python fractions.Fraction), and their exact sum, 9272.225, is itself a HALF_UP tie that must round UP to 9272.23",passed
DET-0500,tests/engine/estimate.test.ts,"aggregateProjectSurfaces: unresolved paint-variant pricing falls back to 350 sqft/gal, not a crash > a surface whose paintVariantId has no entry in the variantPricing map still computes, assuming exactly 350 coverage",passed
DET-0501,tests/engine/fixtures.test.ts,NUM fixtures — production engine (acceptance-fixtures.json) > job-original-brief (job),passed
DET-0502,tests/engine/fixtures.test.ts,NUM fixtures — production engine (acceptance-fixtures.json) > job-homepage (job),passed
DET-0503,tests/engine/fixtures.test.ts,NUM fixtures — production engine (acceptance-fixtures.json) > door-homepage (price),passed
DET-0504,tests/engine/fixtures.test.ts,NUM fixtures — production engine (acceptance-fixtures.json) > loss (price),passed
DET-0505,tests/engine/fixtures.test.ts,NUM fixtures — production engine (acceptance-fixtures.json) > at-target (price),passed
DET-0506,tests/engine/fixtures.test.ts,NUM fixtures — production engine (acceptance-fixtures.json) > unpriced (price),passed
DET-0507,tests/engine/fixtures.test.ts,NUM fixtures — production engine (acceptance-fixtures.json) > no-charge (price),passed
DET-0508,tests/engine/fixtures.test.ts,NUM fixtures — production engine (acceptance-fixtures.json) > rounding-target-boundary (price),passed
DET-0509,tests/engine/fixtures.test.ts,NUM fixtures — production engine (acceptance-fixtures.json) > interior-walls-brief (interior),passed
DET-0510,tests/engine/fixtures.test.ts,NUM fixtures — production engine (acceptance-fixtures.json) > interior-with-ceiling (interior),passed
DET-0511,tests/engine/fixtures.test.ts,NUM fixtures — production engine (acceptance-fixtures.json) > document-rounding (document),passed
DET-0512,tests/engine/fixtures.test.ts,NUM fixtures — production engine (acceptance-fixtures.json) > pool-same-product (paint),passed
DET-0513,tests/engine/fixtures.test.ts,NUM fixtures — production engine (acceptance-fixtures.json) > separate-colors (paint),passed
DET-0514,tests/engine/fixtures.test.ts,NUM fixtures — production engine (acceptance-fixtures.json) > exact-purchase-boundaries (paint),passed
DET-0515,tests/engine/fixtures.test.ts,NUM fixtures — production engine (acceptance-fixtures.json) > wall-service (service),passed
DET-0516,tests/engine/fixtures.test.ts,NUM fixtures — production engine (acceptance-fixtures.json) > trim-surface (surface),passed
DET-0517,tests/engine/fixtures.test.ts,NUM fixtures — production engine (acceptance-fixtures.json) > door-two-faces (surface),passed
DET-0518,tests/engine/fixtures.test.ts,NUM fixtures — production engine (acceptance-fixtures.json) > actual-final (actual),passed
DET-0519,tests/engine/fixtures.test.ts,NUM fixtures — production engine (acceptance-fixtures.json) > actual-final-loss (actual),passed
DET-0520,tests/engine/fixtures.test.ts,NUM fixtures — production engine (acceptance-fixtures.json) > actual-zero-price (actual),passed
DET-0521,tests/engine/geometry.test.ts,GEO: room and surface geometry > GEO-01: rectangular gross wall area,passed
DET-0522,tests/engine/geometry.test.ts,GEO: room and surface geometry > GEO-02: ceiling area,passed
DET-0523,tests/engine/geometry.test.ts,GEO: room and surface geometry > GEO-03: quick opening area uses exact 20/15 defaults from the brief,passed
DET-0524,tests/engine/geometry.test.ts,"GEO: room and surface geometry > GEO-04: detailed opening area sums width*height*count, and 3x6.67 != 20",passed
DET-0525,tests/engine/geometry.test.ts,GEO: room and surface geometry > GEO-05: net wall area = gross - openings when deduction enabled,passed
DET-0526,tests/engine/geometry.test.ts,GEO: room and surface geometry > GEO-06: deduction disabled ignores opening entries entirely,passed
DET-0527,tests/engine/geometry.test.ts,"GEO: room and surface geometry > GEO-07 (V05): openings exceeding gross wall area -> invalid, not a valid zero/negative room",passed
DET-0528,tests/engine/geometry.test.ts,GEO: room and surface geometry > GEO-08: opening area exactly equal to gross wall area -> valid zero net area,passed
DET-0529,tests/engine/geometry.test.ts,"GEO: room and surface geometry > GEO-09: trim paintable area = length * developed width, not treated as square feet of a face alone",passed
DET-0530,tests/engine/geometry.test.ts,GEO: room and surface geometry > GEO-10: door paintable area scales with painted sides,passed
DET-0531,tests/engine/geometry.test.ts,GEO: room and surface geometry > GEO-11: doors of different dimensions/sides must be modeled as separate surfaces (no implicit averaging),passed
DET-0532,tests/engine/geoRequirements.test.ts,"GEO-005: a detailed window opening (3x5, count 3) deducts 45ft^2 -- count applied exactly once > 45 = 3*5*3, not 3*5 nor (3*5)*3*3",passed
DET-0533,tests/engine/geoRequirements.test.ts,"GEO-008: a room 12.5x10x8 has a gross wall area of exactly 360ft^2, decimal feet retained (no truncation to whole feet) > (12.5+10)*2*8 = 360",passed
DET-0534,tests/engine/geoRequirements.test.ts,"GEO-026: a standalone door (count 2, 3x7, 1 painted side) derives exactly 42ft^2, independent of a differently-counted door > 42 = 3*7*2*1, and a single door of the same dimensions is NOT half of this by coincidence of a shared formula bug",passed
DET-0535,tests/engine/geoRequirements.test.ts,GEO-020: zero raw demand purchases exactly 0 gallons -- no minimum-1-gallon floor > purchasedGallons(0) === 0,passed
DET-0536,tests/engine/geoRequirements.test.ts,"GEO-021: coverage=350, area=350, coats=1, waste=0 through the full production aggregation path yields exactly 1 gallon -- no manufactured rounding noise > one wall surface at these exact figures purchases exactly 1 gallon of the exact variant",passed
DET-0537,tests/engine/geoRequirements.test.ts,"GEO-015: two same-variant surfaces (areas 100/100, coats 1/3, coverage 100, waste 0) pool to exactly 4 gallons of raw demand, purchasing exactly 4 > 1 (100*1/100) + 3 (100*3/100) = 4 raw, ceil(4) = 4 -- no partial-gallon rounding up",passed
DET-0538,tests/engine/geoRequirements.test.ts,"GEO-016: two same-variant surfaces (areas 100/100, coats 1, waste 0/0.2, coverage 100) pool to 2.2 raw gallons, purchasing 3 > 1 (100*1*1/100) + 1.2 (100*1*1.2/100) = 2.2 raw, ceil(2.2) = 3",passed
DET-0539,tests/engine/geoRequirements.test.ts,"GEO-028: two door surfaces of different sizes sum their independently derived areas and demand -- never averaged > a 3x7 door and a 2x6 door (both 1 painted side, same variant) sum to exactly 21+12=33ft^2 worth of demand, not their average",passed
DET-0540,tests/engine/geoRequirements.test.ts,"GEO-007: at the full project level, openings exceeding gross wall area by exactly 0.01ft^2 blocks the whole project as invalid -- never a clamped zero-area ""complete"" surface > a 10x10x8 room (gross=320ft^2) with a single quick door of exactly 320.01ft^2 produces an invalid project, never a clamped/zero-area complete result",passed
DET-0541,tests/engine/parse.test.ts,"CORE-parse: missing vs invalid vs valid-zero > CORE-parse-01: blank/undefined/null are missing, never invalid or zero",passed
DET-0542,tests/engine/parse.test.ts,"CORE-parse: missing vs invalid vs valid-zero > CORE-parse-02: explicit ""0"" is valid-zero, distinct from missing",passed
DET-0543,tests/engine/parse.test.ts,CORE-parse: missing vs invalid vs valid-zero > BOUND-grammar-accept: whitespace trimmed,passed
DET-0544,tests/engine/parse.test.ts,CORE-parse: missing vs invalid vs valid-zero > BOUND-grammar-accept: leading zeros,passed
DET-0545,tests/engine/parse.test.ts,CORE-parse: missing vs invalid vs valid-zero > BOUND-grammar-accept: negative zero normalizes to zero,passed
DET-0546,tests/engine/parse.test.ts,"CORE-parse: missing vs invalid vs valid-zero > BOUND-grammar-reject: mixed unit text (""12abc"") is invalid, not zero",passed
DET-0547,tests/engine/parse.test.ts,CORE-parse: missing vs invalid vs valid-zero > BOUND-grammar-reject: currency/unit suffixes,passed
DET-0548,tests/engine/parse.test.ts,CORE-parse: missing vs invalid vs valid-zero > BOUND-grammar-reject: thousands separators,passed
DET-0549,tests/engine/parse.test.ts,CORE-parse: missing vs invalid vs valid-zero > BOUND-grammar-reject: scientific notation,passed
DET-0550,tests/engine/parse.test.ts,CORE-parse: missing vs invalid vs valid-zero > BOUND-grammar-reject: negative when not allowed,passed
DET-0551,tests/engine/parse.test.ts,CORE-parse: missing vs invalid vs valid-zero > BOUND-grammar-accept: negative when explicitly allowed,passed
DET-0552,tests/engine/parse.test.ts,CORE-parse: missing vs invalid vs valid-zero > BOUND-grammar-reject: NaN/Infinity text,passed
DET-0553,tests/engine/parse.test.ts,CORE-parse: missing vs invalid vs valid-zero > BOUND-grammar-reject: multiple decimal points / bare sign / bare dot,passed
DET-0554,tests/engine/parse.test.ts,CORE-parse: missing vs invalid vs valid-zero > BOUND-precision: rejects more than the configured max fraction digits,passed
DET-0555,tests/engine/parse.test.ts,"CORE-parse: missing vs invalid vs valid-zero > CORE-parse-count: whole numbers only, with min/max",passed
DET-0556,tests/engine/parse.test.ts,"CORE-parse: missing vs invalid vs valid-zero > BOUND-divisor: extraordinarily small positive divisor is rejected, not silently accepted",passed
DET-0557,tests/engine/parse.test.ts,"CORE-parse: missing vs invalid vs valid-zero > parseDecimalField: below_minimum is enforced and reported with its own distinct code (opts.min has no current production caller, but is part of this function's own public contract)",passed
DET-0558,tests/engine/parse.test.ts,CORE-parse: missing vs invalid vs valid-zero > parseDecimalField: above_maximum is reported with its own distinct code,passed
DET-0559,tests/engine/parse.test.ts,"CORE-parse: missing vs invalid vs valid-zero > parseDecimalField: each distinct invalid reason reports its own code, not a shared/generic one",passed
DET-0560,tests/engine/parse.test.ts,"CORE-parse: missing vs invalid vs valid-zero > parseCountField: each distinct invalid reason reports its own code, not a shared/generic one",passed
DET-0561,tests/engine/parse.test.ts,"CORE-parse: missing vs invalid vs valid-zero > parseCountField: surrounding whitespace is trimmed, same as parseDecimalField",passed
DET-0562,tests/engine/parse.test.ts,"CORE-parse: missing vs invalid vs valid-zero > parseCountField: a whitespace-only string is missing, not invalid -- same missing/invalid distinction parseDecimalField makes",passed
DET-0563,tests/engine/priceBoundaryMatrix.test.ts,PRICE-BOUNDARY matrix: requiredPriceRaw/minimumTargetPrice/approxPrice cent-rounding across cost x target > cost=53 target=0,passed
DET-0564,tests/engine/priceBoundaryMatrix.test.ts,PRICE-BOUNDARY matrix: requiredPriceRaw/minimumTargetPrice/approxPrice cent-rounding across cost x target > cost=53 target=0.05,passed
DET-0565,tests/engine/priceBoundaryMatrix.test.ts,PRICE-BOUNDARY matrix: requiredPriceRaw/minimumTargetPrice/approxPrice cent-rounding across cost x target > cost=53 target=0.10,passed
DET-0566,tests/engine/priceBoundaryMatrix.test.ts,PRICE-BOUNDARY matrix: requiredPriceRaw/minimumTargetPrice/approxPrice cent-rounding across cost x target > cost=53 target=0.15,passed
DET-0567,tests/engine/priceBoundaryMatrix.test.ts,PRICE-BOUNDARY matrix: requiredPriceRaw/minimumTargetPrice/approxPrice cent-rounding across cost x target > cost=53 target=0.20,passed
DET-0568,tests/engine/priceBoundaryMatrix.test.ts,PRICE-BOUNDARY matrix: requiredPriceRaw/minimumTargetPrice/approxPrice cent-rounding across cost x target > cost=53 target=0.25,passed
DET-0569,tests/engine/priceBoundaryMatrix.test.ts,PRICE-BOUNDARY matrix: requiredPriceRaw/minimumTargetPrice/approxPrice cent-rounding across cost x target > cost=53 target=0.30,passed
DET-0570,tests/engine/priceBoundaryMatrix.test.ts,PRICE-BOUNDARY matrix: requiredPriceRaw/minimumTargetPrice/approxPrice cent-rounding across cost x target > cost=53 target=0.35,passed
DET-0571,tests/engine/priceBoundaryMatrix.test.ts,PRICE-BOUNDARY matrix: requiredPriceRaw/minimumTargetPrice/approxPrice cent-rounding across cost x target > cost=53 target=0.40,passed
DET-0572,tests/engine/priceBoundaryMatrix.test.ts,PRICE-BOUNDARY matrix: requiredPriceRaw/minimumTargetPrice/approxPrice cent-rounding across cost x target > cost=53 target=0.45,passed
DET-0573,tests/engine/priceBoundaryMatrix.test.ts,PRICE-BOUNDARY matrix: requiredPriceRaw/minimumTargetPrice/approxPrice cent-rounding across cost x target > cost=53 target=0.50,passed
DET-0574,tests/engine/priceBoundaryMatrix.test.ts,PRICE-BOUNDARY matrix: requiredPriceRaw/minimumTargetPrice/approxPrice cent-rounding across cost x target > cost=53 target=0.55,passed
DET-0575,tests/engine/priceBoundaryMatrix.test.ts,PRICE-BOUNDARY matrix: requiredPriceRaw/minimumTargetPrice/approxPrice cent-rounding across cost x target > cost=53 target=0.60,passed
DET-0576,tests/engine/priceBoundaryMatrix.test.ts,PRICE-BOUNDARY matrix: requiredPriceRaw/minimumTargetPrice/approxPrice cent-rounding across cost x target > cost=53 target=0.65,passed
DET-0577,tests/engine/priceBoundaryMatrix.test.ts,PRICE-BOUNDARY matrix: requiredPriceRaw/minimumTargetPrice/approxPrice cent-rounding across cost x target > cost=53 target=0.70,passed
DET-0578,tests/engine/priceBoundaryMatrix.test.ts,PRICE-BOUNDARY matrix: requiredPriceRaw/minimumTargetPrice/approxPrice cent-rounding across cost x target > cost=53 target=0.75,passed
DET-0579,tests/engine/priceBoundaryMatrix.test.ts,PRICE-BOUNDARY matrix: requiredPriceRaw/minimumTargetPrice/approxPrice cent-rounding across cost x target > cost=53 target=0.80,passed
DET-0580,tests/engine/priceBoundaryMatrix.test.ts,PRICE-BOUNDARY matrix: requiredPriceRaw/minimumTargetPrice/approxPrice cent-rounding across cost x target > cost=53 target=0.85,passed
DET-0581,tests/engine/priceBoundaryMatrix.test.ts,PRICE-BOUNDARY matrix: requiredPriceRaw/minimumTargetPrice/approxPrice cent-rounding across cost x target > cost=53 target=0.90,passed
DET-0582,tests/engine/priceBoundaryMatrix.test.ts,PRICE-BOUNDARY matrix: requiredPriceRaw/minimumTargetPrice/approxPrice cent-rounding across cost x target > cost=53 target=0.95,passed
DET-0583,tests/engine/priceBoundaryMatrix.test.ts,PRICE-BOUNDARY matrix: requiredPriceRaw/minimumTargetPrice/approxPrice cent-rounding across cost x target > cost=67 target=0,passed
DET-0584,tests/engine/priceBoundaryMatrix.test.ts,PRICE-BOUNDARY matrix: requiredPriceRaw/minimumTargetPrice/approxPrice cent-rounding across cost x target > cost=67 target=0.05,passed
DET-0585,tests/engine/priceBoundaryMatrix.test.ts,PRICE-BOUNDARY matrix: requiredPriceRaw/minimumTargetPrice/approxPrice cent-rounding across cost x target > cost=67 target=0.10,passed
DET-0586,tests/engine/priceBoundaryMatrix.test.ts,PRICE-BOUNDARY matrix: requiredPriceRaw/minimumTargetPrice/approxPrice cent-rounding across cost x target > cost=67 target=0.15,passed
DET-0587,tests/engine/priceBoundaryMatrix.test.ts,PRICE-BOUNDARY matrix: requiredPriceRaw/minimumTargetPrice/approxPrice cent-rounding across cost x target > cost=67 target=0.20,passed
DET-0588,tests/engine/priceBoundaryMatrix.test.ts,PRICE-BOUNDARY matrix: requiredPriceRaw/minimumTargetPrice/approxPrice cent-rounding across cost x target > cost=67 target=0.25,passed
DET-0589,tests/engine/priceBoundaryMatrix.test.ts,PRICE-BOUNDARY matrix: requiredPriceRaw/minimumTargetPrice/approxPrice cent-rounding across cost x target > cost=67 target=0.30,passed
DET-0590,tests/engine/priceBoundaryMatrix.test.ts,PRICE-BOUNDARY matrix: requiredPriceRaw/minimumTargetPrice/approxPrice cent-rounding across cost x target > cost=67 target=0.35,passed
DET-0591,tests/engine/priceBoundaryMatrix.test.ts,PRICE-BOUNDARY matrix: requiredPriceRaw/minimumTargetPrice/approxPrice cent-rounding across cost x target > cost=67 target=0.40,passed
DET-0592,tests/engine/priceBoundaryMatrix.test.ts,PRICE-BOUNDARY matrix: requiredPriceRaw/minimumTargetPrice/approxPrice cent-rounding across cost x target > cost=67 target=0.45,passed
DET-0593,tests/engine/priceBoundaryMatrix.test.ts,PRICE-BOUNDARY matrix: requiredPriceRaw/minimumTargetPrice/approxPrice cent-rounding across cost x target > cost=67 target=0.50,passed
DET-0594,tests/engine/priceBoundaryMatrix.test.ts,PRICE-BOUNDARY matrix: requiredPriceRaw/minimumTargetPrice/approxPrice cent-rounding across cost x target > cost=67 target=0.55,passed
DET-0595,tests/engine/priceBoundaryMatrix.test.ts,PRICE-BOUNDARY matrix: requiredPriceRaw/minimumTargetPrice/approxPrice cent-rounding across cost x target > cost=67 target=0.60,passed
DET-0596,tests/engine/priceBoundaryMatrix.test.ts,PRICE-BOUNDARY matrix: requiredPriceRaw/minimumTargetPrice/approxPrice cent-rounding across cost x target > cost=67 target=0.65,passed
DET-0597,tests/engine/priceBoundaryMatrix.test.ts,PRICE-BOUNDARY matrix: requiredPriceRaw/minimumTargetPrice/approxPrice cent-rounding across cost x target > cost=67 target=0.70,passed
DET-0598,tests/engine/priceBoundaryMatrix.test.ts,PRICE-BOUNDARY matrix: requiredPriceRaw/minimumTargetPrice/approxPrice cent-rounding across cost x target > cost=67 target=0.75,passed
DET-0599,tests/engine/priceBoundaryMatrix.test.ts,PRICE-BOUNDARY matrix: requiredPriceRaw/minimumTargetPrice/approxPrice cent-rounding across cost x target > cost=67 target=0.80,passed
DET-0600,tests/engine/priceBoundaryMatrix.test.ts,PRICE-BOUNDARY matrix: requiredPriceRaw/minimumTargetPrice/approxPrice cent-rounding across cost x target > cost=67 target=0.85,passed
DET-0601,tests/engine/priceBoundaryMatrix.test.ts,PRICE-BOUNDARY matrix: requiredPriceRaw/minimumTargetPrice/approxPrice cent-rounding across cost x target > cost=67 target=0.90,passed
DET-0602,tests/engine/priceBoundaryMatrix.test.ts,PRICE-BOUNDARY matrix: requiredPriceRaw/minimumTargetPrice/approxPrice cent-rounding across cost x target > cost=67 target=0.95,passed
DET-0603,tests/engine/priceBoundaryMatrix.test.ts,PRICE-BOUNDARY matrix: requiredPriceRaw/minimumTargetPrice/approxPrice cent-rounding across cost x target > cost=129 target=0,passed
DET-0604,tests/engine/priceBoundaryMatrix.test.ts,PRICE-BOUNDARY matrix: requiredPriceRaw/minimumTargetPrice/approxPrice cent-rounding across cost x target > cost=129 target=0.05,passed
DET-0605,tests/engine/priceBoundaryMatrix.test.ts,PRICE-BOUNDARY matrix: requiredPriceRaw/minimumTargetPrice/approxPrice cent-rounding across cost x target > cost=129 target=0.10,passed
DET-0606,tests/engine/priceBoundaryMatrix.test.ts,PRICE-BOUNDARY matrix: requiredPriceRaw/minimumTargetPrice/approxPrice cent-rounding across cost x target > cost=129 target=0.15,passed
DET-0607,tests/engine/priceBoundaryMatrix.test.ts,PRICE-BOUNDARY matrix: requiredPriceRaw/minimumTargetPrice/approxPrice cent-rounding across cost x target > cost=129 target=0.20,passed
DET-0608,tests/engine/priceBoundaryMatrix.test.ts,PRICE-BOUNDARY matrix: requiredPriceRaw/minimumTargetPrice/approxPrice cent-rounding across cost x target > cost=129 target=0.25,passed
DET-0609,tests/engine/priceBoundaryMatrix.test.ts,PRICE-BOUNDARY matrix: requiredPriceRaw/minimumTargetPrice/approxPrice cent-rounding across cost x target > cost=129 target=0.30,passed
DET-0610,tests/engine/priceBoundaryMatrix.test.ts,PRICE-BOUNDARY matrix: requiredPriceRaw/minimumTargetPrice/approxPrice cent-rounding across cost x target > cost=129 target=0.35,passed
DET-0611,tests/engine/priceBoundaryMatrix.test.ts,PRICE-BOUNDARY matrix: requiredPriceRaw/minimumTargetPrice/approxPrice cent-rounding across cost x target > cost=129 target=0.40,passed
DET-0612,tests/engine/priceBoundaryMatrix.test.ts,PRICE-BOUNDARY matrix: requiredPriceRaw/minimumTargetPrice/approxPrice cent-rounding across cost x target > cost=129 target=0.45,passed
DET-0613,tests/engine/priceBoundaryMatrix.test.ts,PRICE-BOUNDARY matrix: requiredPriceRaw/minimumTargetPrice/approxPrice cent-rounding across cost x target > cost=129 target=0.50,passed
DET-0614,tests/engine/priceBoundaryMatrix.test.ts,PRICE-BOUNDARY matrix: requiredPriceRaw/minimumTargetPrice/approxPrice cent-rounding across cost x target > cost=129 target=0.55,passed
DET-0615,tests/engine/priceBoundaryMatrix.test.ts,PRICE-BOUNDARY matrix: requiredPriceRaw/minimumTargetPrice/approxPrice cent-rounding across cost x target > cost=129 target=0.60,passed
DET-0616,tests/engine/priceBoundaryMatrix.test.ts,PRICE-BOUNDARY matrix: requiredPriceRaw/minimumTargetPrice/approxPrice cent-rounding across cost x target > cost=129 target=0.65,passed
DET-0617,tests/engine/priceBoundaryMatrix.test.ts,PRICE-BOUNDARY matrix: requiredPriceRaw/minimumTargetPrice/approxPrice cent-rounding across cost x target > cost=129 target=0.70,passed
DET-0618,tests/engine/priceBoundaryMatrix.test.ts,PRICE-BOUNDARY matrix: requiredPriceRaw/minimumTargetPrice/approxPrice cent-rounding across cost x target > cost=129 target=0.75,passed
DET-0619,tests/engine/priceBoundaryMatrix.test.ts,PRICE-BOUNDARY matrix: requiredPriceRaw/minimumTargetPrice/approxPrice cent-rounding across cost x target > cost=129 target=0.80,passed
DET-0620,tests/engine/priceBoundaryMatrix.test.ts,PRICE-BOUNDARY matrix: requiredPriceRaw/minimumTargetPrice/approxPrice cent-rounding across cost x target > cost=129 target=0.85,passed
DET-0621,tests/engine/priceBoundaryMatrix.test.ts,PRICE-BOUNDARY matrix: requiredPriceRaw/minimumTargetPrice/approxPrice cent-rounding across cost x target > cost=129 target=0.90,passed
DET-0622,tests/engine/priceBoundaryMatrix.test.ts,PRICE-BOUNDARY matrix: requiredPriceRaw/minimumTargetPrice/approxPrice cent-rounding across cost x target > cost=129 target=0.95,passed
DET-0623,tests/engine/priceBoundaryMatrix.test.ts,PRICE-BOUNDARY matrix: requiredPriceRaw/minimumTargetPrice/approxPrice cent-rounding across cost x target > cost=250 target=0,passed
DET-0624,tests/engine/priceBoundaryMatrix.test.ts,PRICE-BOUNDARY matrix: requiredPriceRaw/minimumTargetPrice/approxPrice cent-rounding across cost x target > cost=250 target=0.05,passed
DET-0625,tests/engine/priceBoundaryMatrix.test.ts,PRICE-BOUNDARY matrix: requiredPriceRaw/minimumTargetPrice/approxPrice cent-rounding across cost x target > cost=250 target=0.10,passed
DET-0626,tests/engine/priceBoundaryMatrix.test.ts,PRICE-BOUNDARY matrix: requiredPriceRaw/minimumTargetPrice/approxPrice cent-rounding across cost x target > cost=250 target=0.15,passed
DET-0627,tests/engine/priceBoundaryMatrix.test.ts,PRICE-BOUNDARY matrix: requiredPriceRaw/minimumTargetPrice/approxPrice cent-rounding across cost x target > cost=250 target=0.20,passed
DET-0628,tests/engine/priceBoundaryMatrix.test.ts,PRICE-BOUNDARY matrix: requiredPriceRaw/minimumTargetPrice/approxPrice cent-rounding across cost x target > cost=250 target=0.25,passed
DET-0629,tests/engine/priceBoundaryMatrix.test.ts,PRICE-BOUNDARY matrix: requiredPriceRaw/minimumTargetPrice/approxPrice cent-rounding across cost x target > cost=250 target=0.30,passed
DET-0630,tests/engine/priceBoundaryMatrix.test.ts,PRICE-BOUNDARY matrix: requiredPriceRaw/minimumTargetPrice/approxPrice cent-rounding across cost x target > cost=250 target=0.35,passed
DET-0631,tests/engine/priceBoundaryMatrix.test.ts,PRICE-BOUNDARY matrix: requiredPriceRaw/minimumTargetPrice/approxPrice cent-rounding across cost x target > cost=250 target=0.40,passed
DET-0632,tests/engine/priceBoundaryMatrix.test.ts,PRICE-BOUNDARY matrix: requiredPriceRaw/minimumTargetPrice/approxPrice cent-rounding across cost x target > cost=250 target=0.45,passed
DET-0633,tests/engine/priceBoundaryMatrix.test.ts,PRICE-BOUNDARY matrix: requiredPriceRaw/minimumTargetPrice/approxPrice cent-rounding across cost x target > cost=250 target=0.50,passed
DET-0634,tests/engine/priceBoundaryMatrix.test.ts,PRICE-BOUNDARY matrix: requiredPriceRaw/minimumTargetPrice/approxPrice cent-rounding across cost x target > cost=250 target=0.55,passed
DET-0635,tests/engine/priceBoundaryMatrix.test.ts,PRICE-BOUNDARY matrix: requiredPriceRaw/minimumTargetPrice/approxPrice cent-rounding across cost x target > cost=250 target=0.60,passed
DET-0636,tests/engine/priceBoundaryMatrix.test.ts,PRICE-BOUNDARY matrix: requiredPriceRaw/minimumTargetPrice/approxPrice cent-rounding across cost x target > cost=250 target=0.65,passed
DET-0637,tests/engine/priceBoundaryMatrix.test.ts,PRICE-BOUNDARY matrix: requiredPriceRaw/minimumTargetPrice/approxPrice cent-rounding across cost x target > cost=250 target=0.70,passed
DET-0638,tests/engine/priceBoundaryMatrix.test.ts,PRICE-BOUNDARY matrix: requiredPriceRaw/minimumTargetPrice/approxPrice cent-rounding across cost x target > cost=250 target=0.75,passed
DET-0639,tests/engine/priceBoundaryMatrix.test.ts,PRICE-BOUNDARY matrix: requiredPriceRaw/minimumTargetPrice/approxPrice cent-rounding across cost x target > cost=250 target=0.80,passed
DET-0640,tests/engine/priceBoundaryMatrix.test.ts,PRICE-BOUNDARY matrix: requiredPriceRaw/minimumTargetPrice/approxPrice cent-rounding across cost x target > cost=250 target=0.85,passed
DET-0641,tests/engine/priceBoundaryMatrix.test.ts,PRICE-BOUNDARY matrix: requiredPriceRaw/minimumTargetPrice/approxPrice cent-rounding across cost x target > cost=250 target=0.90,passed
DET-0642,tests/engine/priceBoundaryMatrix.test.ts,PRICE-BOUNDARY matrix: requiredPriceRaw/minimumTargetPrice/approxPrice cent-rounding across cost x target > cost=250 target=0.95,passed
DET-0643,tests/engine/priceBoundaryMatrix.test.ts,PRICE-BOUNDARY matrix: requiredPriceRaw/minimumTargetPrice/approxPrice cent-rounding across cost x target > cost=389.47 target=0,passed
DET-0644,tests/engine/priceBoundaryMatrix.test.ts,PRICE-BOUNDARY matrix: requiredPriceRaw/minimumTargetPrice/approxPrice cent-rounding across cost x target > cost=389.47 target=0.05,passed
DET-0645,tests/engine/priceBoundaryMatrix.test.ts,PRICE-BOUNDARY matrix: requiredPriceRaw/minimumTargetPrice/approxPrice cent-rounding across cost x target > cost=389.47 target=0.10,passed
DET-0646,tests/engine/priceBoundaryMatrix.test.ts,PRICE-BOUNDARY matrix: requiredPriceRaw/minimumTargetPrice/approxPrice cent-rounding across cost x target > cost=389.47 target=0.15,passed
DET-0647,tests/engine/priceBoundaryMatrix.test.ts,PRICE-BOUNDARY matrix: requiredPriceRaw/minimumTargetPrice/approxPrice cent-rounding across cost x target > cost=389.47 target=0.20,passed
DET-0648,tests/engine/priceBoundaryMatrix.test.ts,PRICE-BOUNDARY matrix: requiredPriceRaw/minimumTargetPrice/approxPrice cent-rounding across cost x target > cost=389.47 target=0.25,passed
DET-0649,tests/engine/priceBoundaryMatrix.test.ts,PRICE-BOUNDARY matrix: requiredPriceRaw/minimumTargetPrice/approxPrice cent-rounding across cost x target > cost=389.47 target=0.30,passed
DET-0650,tests/engine/priceBoundaryMatrix.test.ts,PRICE-BOUNDARY matrix: requiredPriceRaw/minimumTargetPrice/approxPrice cent-rounding across cost x target > cost=389.47 target=0.35,passed
DET-0651,tests/engine/priceBoundaryMatrix.test.ts,PRICE-BOUNDARY matrix: requiredPriceRaw/minimumTargetPrice/approxPrice cent-rounding across cost x target > cost=389.47 target=0.40,passed
DET-0652,tests/engine/priceBoundaryMatrix.test.ts,PRICE-BOUNDARY matrix: requiredPriceRaw/minimumTargetPrice/approxPrice cent-rounding across cost x target > cost=389.47 target=0.45,passed
DET-0653,tests/engine/priceBoundaryMatrix.test.ts,PRICE-BOUNDARY matrix: requiredPriceRaw/minimumTargetPrice/approxPrice cent-rounding across cost x target > cost=389.47 target=0.50,passed
DET-0654,tests/engine/priceBoundaryMatrix.test.ts,PRICE-BOUNDARY matrix: requiredPriceRaw/minimumTargetPrice/approxPrice cent-rounding across cost x target > cost=389.47 target=0.55,passed
DET-0655,tests/engine/priceBoundaryMatrix.test.ts,PRICE-BOUNDARY matrix: requiredPriceRaw/minimumTargetPrice/approxPrice cent-rounding across cost x target > cost=389.47 target=0.60,passed
DET-0656,tests/engine/priceBoundaryMatrix.test.ts,PRICE-BOUNDARY matrix: requiredPriceRaw/minimumTargetPrice/approxPrice cent-rounding across cost x target > cost=389.47 target=0.65,passed
DET-0657,tests/engine/priceBoundaryMatrix.test.ts,PRICE-BOUNDARY matrix: requiredPriceRaw/minimumTargetPrice/approxPrice cent-rounding across cost x target > cost=389.47 target=0.70,passed
DET-0658,tests/engine/priceBoundaryMatrix.test.ts,PRICE-BOUNDARY matrix: requiredPriceRaw/minimumTargetPrice/approxPrice cent-rounding across cost x target > cost=389.47 target=0.75,passed
DET-0659,tests/engine/priceBoundaryMatrix.test.ts,PRICE-BOUNDARY matrix: requiredPriceRaw/minimumTargetPrice/approxPrice cent-rounding across cost x target > cost=389.47 target=0.80,passed
DET-0660,tests/engine/priceBoundaryMatrix.test.ts,PRICE-BOUNDARY matrix: requiredPriceRaw/minimumTargetPrice/approxPrice cent-rounding across cost x target > cost=389.47 target=0.85,passed
DET-0661,tests/engine/priceBoundaryMatrix.test.ts,PRICE-BOUNDARY matrix: requiredPriceRaw/minimumTargetPrice/approxPrice cent-rounding across cost x target > cost=389.47 target=0.90,passed
DET-0662,tests/engine/priceBoundaryMatrix.test.ts,PRICE-BOUNDARY matrix: requiredPriceRaw/minimumTargetPrice/approxPrice cent-rounding across cost x target > cost=389.47 target=0.95,passed
DET-0663,tests/engine/priceBoundaryMatrix.test.ts,PRICE-BOUNDARY matrix: requiredPriceRaw/minimumTargetPrice/approxPrice cent-rounding across cost x target > cost=500 target=0,passed
DET-0664,tests/engine/priceBoundaryMatrix.test.ts,PRICE-BOUNDARY matrix: requiredPriceRaw/minimumTargetPrice/approxPrice cent-rounding across cost x target > cost=500 target=0.05,passed
DET-0665,tests/engine/priceBoundaryMatrix.test.ts,PRICE-BOUNDARY matrix: requiredPriceRaw/minimumTargetPrice/approxPrice cent-rounding across cost x target > cost=500 target=0.10,passed
DET-0666,tests/engine/priceBoundaryMatrix.test.ts,PRICE-BOUNDARY matrix: requiredPriceRaw/minimumTargetPrice/approxPrice cent-rounding across cost x target > cost=500 target=0.15,passed
DET-0667,tests/engine/priceBoundaryMatrix.test.ts,PRICE-BOUNDARY matrix: requiredPriceRaw/minimumTargetPrice/approxPrice cent-rounding across cost x target > cost=500 target=0.20,passed
DET-0668,tests/engine/priceBoundaryMatrix.test.ts,PRICE-BOUNDARY matrix: requiredPriceRaw/minimumTargetPrice/approxPrice cent-rounding across cost x target > cost=500 target=0.25,passed
DET-0669,tests/engine/priceBoundaryMatrix.test.ts,PRICE-BOUNDARY matrix: requiredPriceRaw/minimumTargetPrice/approxPrice cent-rounding across cost x target > cost=500 target=0.30,passed
DET-0670,tests/engine/priceBoundaryMatrix.test.ts,PRICE-BOUNDARY matrix: requiredPriceRaw/minimumTargetPrice/approxPrice cent-rounding across cost x target > cost=500 target=0.35,passed
DET-0671,tests/engine/priceBoundaryMatrix.test.ts,PRICE-BOUNDARY matrix: requiredPriceRaw/minimumTargetPrice/approxPrice cent-rounding across cost x target > cost=500 target=0.40,passed
DET-0672,tests/engine/priceBoundaryMatrix.test.ts,PRICE-BOUNDARY matrix: requiredPriceRaw/minimumTargetPrice/approxPrice cent-rounding across cost x target > cost=500 target=0.45,passed
DET-0673,tests/engine/priceBoundaryMatrix.test.ts,PRICE-BOUNDARY matrix: requiredPriceRaw/minimumTargetPrice/approxPrice cent-rounding across cost x target > cost=500 target=0.50,passed
DET-0674,tests/engine/priceBoundaryMatrix.test.ts,PRICE-BOUNDARY matrix: requiredPriceRaw/minimumTargetPrice/approxPrice cent-rounding across cost x target > cost=500 target=0.55,passed
DET-0675,tests/engine/priceBoundaryMatrix.test.ts,PRICE-BOUNDARY matrix: requiredPriceRaw/minimumTargetPrice/approxPrice cent-rounding across cost x target > cost=500 target=0.60,passed
DET-0676,tests/engine/priceBoundaryMatrix.test.ts,PRICE-BOUNDARY matrix: requiredPriceRaw/minimumTargetPrice/approxPrice cent-rounding across cost x target > cost=500 target=0.65,passed
DET-0677,tests/engine/priceBoundaryMatrix.test.ts,PRICE-BOUNDARY matrix: requiredPriceRaw/minimumTargetPrice/approxPrice cent-rounding across cost x target > cost=500 target=0.70,passed
DET-0678,tests/engine/priceBoundaryMatrix.test.ts,PRICE-BOUNDARY matrix: requiredPriceRaw/minimumTargetPrice/approxPrice cent-rounding across cost x target > cost=500 target=0.75,passed
DET-0679,tests/engine/priceBoundaryMatrix.test.ts,PRICE-BOUNDARY matrix: requiredPriceRaw/minimumTargetPrice/approxPrice cent-rounding across cost x target > cost=500 target=0.80,passed
DET-0680,tests/engine/priceBoundaryMatrix.test.ts,PRICE-BOUNDARY matrix: requiredPriceRaw/minimumTargetPrice/approxPrice cent-rounding across cost x target > cost=500 target=0.85,passed
DET-0681,tests/engine/priceBoundaryMatrix.test.ts,PRICE-BOUNDARY matrix: requiredPriceRaw/minimumTargetPrice/approxPrice cent-rounding across cost x target > cost=500 target=0.90,passed
DET-0682,tests/engine/priceBoundaryMatrix.test.ts,PRICE-BOUNDARY matrix: requiredPriceRaw/minimumTargetPrice/approxPrice cent-rounding across cost x target > cost=500 target=0.95,passed
DET-0683,tests/engine/priceBoundaryMatrix.test.ts,PRICE-BOUNDARY matrix: requiredPriceRaw/minimumTargetPrice/approxPrice cent-rounding across cost x target > cost=712.19 target=0,passed
DET-0684,tests/engine/priceBoundaryMatrix.test.ts,PRICE-BOUNDARY matrix: requiredPriceRaw/minimumTargetPrice/approxPrice cent-rounding across cost x target > cost=712.19 target=0.05,passed
DET-0685,tests/engine/priceBoundaryMatrix.test.ts,PRICE-BOUNDARY matrix: requiredPriceRaw/minimumTargetPrice/approxPrice cent-rounding across cost x target > cost=712.19 target=0.10,passed
DET-0686,tests/engine/priceBoundaryMatrix.test.ts,PRICE-BOUNDARY matrix: requiredPriceRaw/minimumTargetPrice/approxPrice cent-rounding across cost x target > cost=712.19 target=0.15,passed
DET-0687,tests/engine/priceBoundaryMatrix.test.ts,PRICE-BOUNDARY matrix: requiredPriceRaw/minimumTargetPrice/approxPrice cent-rounding across cost x target > cost=712.19 target=0.20,passed
DET-0688,tests/engine/priceBoundaryMatrix.test.ts,PRICE-BOUNDARY matrix: requiredPriceRaw/minimumTargetPrice/approxPrice cent-rounding across cost x target > cost=712.19 target=0.25,passed
DET-0689,tests/engine/priceBoundaryMatrix.test.ts,PRICE-BOUNDARY matrix: requiredPriceRaw/minimumTargetPrice/approxPrice cent-rounding across cost x target > cost=712.19 target=0.30,passed
DET-0690,tests/engine/priceBoundaryMatrix.test.ts,PRICE-BOUNDARY matrix: requiredPriceRaw/minimumTargetPrice/approxPrice cent-rounding across cost x target > cost=712.19 target=0.35,passed
DET-0691,tests/engine/priceBoundaryMatrix.test.ts,PRICE-BOUNDARY matrix: requiredPriceRaw/minimumTargetPrice/approxPrice cent-rounding across cost x target > cost=712.19 target=0.40,passed
DET-0692,tests/engine/priceBoundaryMatrix.test.ts,PRICE-BOUNDARY matrix: requiredPriceRaw/minimumTargetPrice/approxPrice cent-rounding across cost x target > cost=712.19 target=0.45,passed
DET-0693,tests/engine/priceBoundaryMatrix.test.ts,PRICE-BOUNDARY matrix: requiredPriceRaw/minimumTargetPrice/approxPrice cent-rounding across cost x target > cost=712.19 target=0.50,passed
DET-0694,tests/engine/priceBoundaryMatrix.test.ts,PRICE-BOUNDARY matrix: requiredPriceRaw/minimumTargetPrice/approxPrice cent-rounding across cost x target > cost=712.19 target=0.55,passed
DET-0695,tests/engine/priceBoundaryMatrix.test.ts,PRICE-BOUNDARY matrix: requiredPriceRaw/minimumTargetPrice/approxPrice cent-rounding across cost x target > cost=712.19 target=0.60,passed
DET-0696,tests/engine/priceBoundaryMatrix.test.ts,PRICE-BOUNDARY matrix: requiredPriceRaw/minimumTargetPrice/approxPrice cent-rounding across cost x target > cost=712.19 target=0.65,passed
DET-0697,tests/engine/priceBoundaryMatrix.test.ts,PRICE-BOUNDARY matrix: requiredPriceRaw/minimumTargetPrice/approxPrice cent-rounding across cost x target > cost=712.19 target=0.70,passed
DET-0698,tests/engine/priceBoundaryMatrix.test.ts,PRICE-BOUNDARY matrix: requiredPriceRaw/minimumTargetPrice/approxPrice cent-rounding across cost x target > cost=712.19 target=0.75,passed
DET-0699,tests/engine/priceBoundaryMatrix.test.ts,PRICE-BOUNDARY matrix: requiredPriceRaw/minimumTargetPrice/approxPrice cent-rounding across cost x target > cost=712.19 target=0.80,passed
DET-0700,tests/engine/priceBoundaryMatrix.test.ts,PRICE-BOUNDARY matrix: requiredPriceRaw/minimumTargetPrice/approxPrice cent-rounding across cost x target > cost=712.19 target=0.85,passed
DET-0701,tests/engine/priceBoundaryMatrix.test.ts,PRICE-BOUNDARY matrix: requiredPriceRaw/minimumTargetPrice/approxPrice cent-rounding across cost x target > cost=712.19 target=0.90,passed
DET-0702,tests/engine/priceBoundaryMatrix.test.ts,PRICE-BOUNDARY matrix: requiredPriceRaw/minimumTargetPrice/approxPrice cent-rounding across cost x target > cost=712.19 target=0.95,passed
DET-0703,tests/engine/priceBoundaryMatrix.test.ts,PRICE-BOUNDARY matrix: requiredPriceRaw/minimumTargetPrice/approxPrice cent-rounding across cost x target > cost=1000 target=0,passed
DET-0704,tests/engine/priceBoundaryMatrix.test.ts,PRICE-BOUNDARY matrix: requiredPriceRaw/minimumTargetPrice/approxPrice cent-rounding across cost x target > cost=1000 target=0.05,passed
DET-0705,tests/engine/priceBoundaryMatrix.test.ts,PRICE-BOUNDARY matrix: requiredPriceRaw/minimumTargetPrice/approxPrice cent-rounding across cost x target > cost=1000 target=0.10,passed
DET-0706,tests/engine/priceBoundaryMatrix.test.ts,PRICE-BOUNDARY matrix: requiredPriceRaw/minimumTargetPrice/approxPrice cent-rounding across cost x target > cost=1000 target=0.15,passed
DET-0707,tests/engine/priceBoundaryMatrix.test.ts,PRICE-BOUNDARY matrix: requiredPriceRaw/minimumTargetPrice/approxPrice cent-rounding across cost x target > cost=1000 target=0.20,passed
DET-0708,tests/engine/priceBoundaryMatrix.test.ts,PRICE-BOUNDARY matrix: requiredPriceRaw/minimumTargetPrice/approxPrice cent-rounding across cost x target > cost=1000 target=0.25,passed
DET-0709,tests/engine/priceBoundaryMatrix.test.ts,PRICE-BOUNDARY matrix: requiredPriceRaw/minimumTargetPrice/approxPrice cent-rounding across cost x target > cost=1000 target=0.30,passed
DET-0710,tests/engine/priceBoundaryMatrix.test.ts,PRICE-BOUNDARY matrix: requiredPriceRaw/minimumTargetPrice/approxPrice cent-rounding across cost x target > cost=1000 target=0.35,passed
DET-0711,tests/engine/priceBoundaryMatrix.test.ts,PRICE-BOUNDARY matrix: requiredPriceRaw/minimumTargetPrice/approxPrice cent-rounding across cost x target > cost=1000 target=0.40,passed
DET-0712,tests/engine/priceBoundaryMatrix.test.ts,PRICE-BOUNDARY matrix: requiredPriceRaw/minimumTargetPrice/approxPrice cent-rounding across cost x target > cost=1000 target=0.45,passed
DET-0713,tests/engine/priceBoundaryMatrix.test.ts,PRICE-BOUNDARY matrix: requiredPriceRaw/minimumTargetPrice/approxPrice cent-rounding across cost x target > cost=1000 target=0.50,passed
DET-0714,tests/engine/priceBoundaryMatrix.test.ts,PRICE-BOUNDARY matrix: requiredPriceRaw/minimumTargetPrice/approxPrice cent-rounding across cost x target > cost=1000 target=0.55,passed
DET-0715,tests/engine/priceBoundaryMatrix.test.ts,PRICE-BOUNDARY matrix: requiredPriceRaw/minimumTargetPrice/approxPrice cent-rounding across cost x target > cost=1000 target=0.60,passed
DET-0716,tests/engine/priceBoundaryMatrix.test.ts,PRICE-BOUNDARY matrix: requiredPriceRaw/minimumTargetPrice/approxPrice cent-rounding across cost x target > cost=1000 target=0.65,passed
DET-0717,tests/engine/priceBoundaryMatrix.test.ts,PRICE-BOUNDARY matrix: requiredPriceRaw/minimumTargetPrice/approxPrice cent-rounding across cost x target > cost=1000 target=0.70,passed
DET-0718,tests/engine/priceBoundaryMatrix.test.ts,PRICE-BOUNDARY matrix: requiredPriceRaw/minimumTargetPrice/approxPrice cent-rounding across cost x target > cost=1000 target=0.75,passed
DET-0719,tests/engine/priceBoundaryMatrix.test.ts,PRICE-BOUNDARY matrix: requiredPriceRaw/minimumTargetPrice/approxPrice cent-rounding across cost x target > cost=1000 target=0.80,passed
DET-0720,tests/engine/priceBoundaryMatrix.test.ts,PRICE-BOUNDARY matrix: requiredPriceRaw/minimumTargetPrice/approxPrice cent-rounding across cost x target > cost=1000 target=0.85,passed
DET-0721,tests/engine/priceBoundaryMatrix.test.ts,PRICE-BOUNDARY matrix: requiredPriceRaw/minimumTargetPrice/approxPrice cent-rounding across cost x target > cost=1000 target=0.90,passed
DET-0722,tests/engine/priceBoundaryMatrix.test.ts,PRICE-BOUNDARY matrix: requiredPriceRaw/minimumTargetPrice/approxPrice cent-rounding across cost x target > cost=1000 target=0.95,passed
DET-0723,tests/engine/priceBoundaryMatrix.test.ts,PRICE-BOUNDARY matrix: requiredPriceRaw/minimumTargetPrice/approxPrice cent-rounding across cost x target > cost=1875.33 target=0,passed
DET-0724,tests/engine/priceBoundaryMatrix.test.ts,PRICE-BOUNDARY matrix: requiredPriceRaw/minimumTargetPrice/approxPrice cent-rounding across cost x target > cost=1875.33 target=0.05,passed
DET-0725,tests/engine/priceBoundaryMatrix.test.ts,PRICE-BOUNDARY matrix: requiredPriceRaw/minimumTargetPrice/approxPrice cent-rounding across cost x target > cost=1875.33 target=0.10,passed
DET-0726,tests/engine/priceBoundaryMatrix.test.ts,PRICE-BOUNDARY matrix: requiredPriceRaw/minimumTargetPrice/approxPrice cent-rounding across cost x target > cost=1875.33 target=0.15,passed
DET-0727,tests/engine/priceBoundaryMatrix.test.ts,PRICE-BOUNDARY matrix: requiredPriceRaw/minimumTargetPrice/approxPrice cent-rounding across cost x target > cost=1875.33 target=0.20,passed
DET-0728,tests/engine/priceBoundaryMatrix.test.ts,PRICE-BOUNDARY matrix: requiredPriceRaw/minimumTargetPrice/approxPrice cent-rounding across cost x target > cost=1875.33 target=0.25,passed
DET-0729,tests/engine/priceBoundaryMatrix.test.ts,PRICE-BOUNDARY matrix: requiredPriceRaw/minimumTargetPrice/approxPrice cent-rounding across cost x target > cost=1875.33 target=0.30,passed
DET-0730,tests/engine/priceBoundaryMatrix.test.ts,PRICE-BOUNDARY matrix: requiredPriceRaw/minimumTargetPrice/approxPrice cent-rounding across cost x target > cost=1875.33 target=0.35,passed
DET-0731,tests/engine/priceBoundaryMatrix.test.ts,PRICE-BOUNDARY matrix: requiredPriceRaw/minimumTargetPrice/approxPrice cent-rounding across cost x target > cost=1875.33 target=0.40,passed
DET-0732,tests/engine/priceBoundaryMatrix.test.ts,PRICE-BOUNDARY matrix: requiredPriceRaw/minimumTargetPrice/approxPrice cent-rounding across cost x target > cost=1875.33 target=0.45,passed
DET-0733,tests/engine/priceBoundaryMatrix.test.ts,PRICE-BOUNDARY matrix: requiredPriceRaw/minimumTargetPrice/approxPrice cent-rounding across cost x target > cost=1875.33 target=0.50,passed
DET-0734,tests/engine/priceBoundaryMatrix.test.ts,PRICE-BOUNDARY matrix: requiredPriceRaw/minimumTargetPrice/approxPrice cent-rounding across cost x target > cost=1875.33 target=0.55,passed
DET-0735,tests/engine/priceBoundaryMatrix.test.ts,PRICE-BOUNDARY matrix: requiredPriceRaw/minimumTargetPrice/approxPrice cent-rounding across cost x target > cost=1875.33 target=0.60,passed
DET-0736,tests/engine/priceBoundaryMatrix.test.ts,PRICE-BOUNDARY matrix: requiredPriceRaw/minimumTargetPrice/approxPrice cent-rounding across cost x target > cost=1875.33 target=0.65,passed
DET-0737,tests/engine/priceBoundaryMatrix.test.ts,PRICE-BOUNDARY matrix: requiredPriceRaw/minimumTargetPrice/approxPrice cent-rounding across cost x target > cost=1875.33 target=0.70,passed
DET-0738,tests/engine/priceBoundaryMatrix.test.ts,PRICE-BOUNDARY matrix: requiredPriceRaw/minimumTargetPrice/approxPrice cent-rounding across cost x target > cost=1875.33 target=0.75,passed
DET-0739,tests/engine/priceBoundaryMatrix.test.ts,PRICE-BOUNDARY matrix: requiredPriceRaw/minimumTargetPrice/approxPrice cent-rounding across cost x target > cost=1875.33 target=0.80,passed
DET-0740,tests/engine/priceBoundaryMatrix.test.ts,PRICE-BOUNDARY matrix: requiredPriceRaw/minimumTargetPrice/approxPrice cent-rounding across cost x target > cost=1875.33 target=0.85,passed
DET-0741,tests/engine/priceBoundaryMatrix.test.ts,PRICE-BOUNDARY matrix: requiredPriceRaw/minimumTargetPrice/approxPrice cent-rounding across cost x target > cost=1875.33 target=0.90,passed
DET-0742,tests/engine/priceBoundaryMatrix.test.ts,PRICE-BOUNDARY matrix: requiredPriceRaw/minimumTargetPrice/approxPrice cent-rounding across cost x target > cost=1875.33 target=0.95,passed
DET-0743,tests/engine/priceBoundaryMatrix.test.ts,PRICE-BOUNDARY matrix: requiredPriceRaw/minimumTargetPrice/approxPrice cent-rounding across cost x target > cost=2623 target=0,passed
DET-0744,tests/engine/priceBoundaryMatrix.test.ts,PRICE-BOUNDARY matrix: requiredPriceRaw/minimumTargetPrice/approxPrice cent-rounding across cost x target > cost=2623 target=0.05,passed
DET-0745,tests/engine/priceBoundaryMatrix.test.ts,PRICE-BOUNDARY matrix: requiredPriceRaw/minimumTargetPrice/approxPrice cent-rounding across cost x target > cost=2623 target=0.10,passed
DET-0746,tests/engine/priceBoundaryMatrix.test.ts,PRICE-BOUNDARY matrix: requiredPriceRaw/minimumTargetPrice/approxPrice cent-rounding across cost x target > cost=2623 target=0.15,passed
DET-0747,tests/engine/priceBoundaryMatrix.test.ts,PRICE-BOUNDARY matrix: requiredPriceRaw/minimumTargetPrice/approxPrice cent-rounding across cost x target > cost=2623 target=0.20,passed
DET-0748,tests/engine/priceBoundaryMatrix.test.ts,PRICE-BOUNDARY matrix: requiredPriceRaw/minimumTargetPrice/approxPrice cent-rounding across cost x target > cost=2623 target=0.25,passed
DET-0749,tests/engine/priceBoundaryMatrix.test.ts,PRICE-BOUNDARY matrix: requiredPriceRaw/minimumTargetPrice/approxPrice cent-rounding across cost x target > cost=2623 target=0.30,passed
DET-0750,tests/engine/priceBoundaryMatrix.test.ts,PRICE-BOUNDARY matrix: requiredPriceRaw/minimumTargetPrice/approxPrice cent-rounding across cost x target > cost=2623 target=0.35,passed
DET-0751,tests/engine/priceBoundaryMatrix.test.ts,PRICE-BOUNDARY matrix: requiredPriceRaw/minimumTargetPrice/approxPrice cent-rounding across cost x target > cost=2623 target=0.40,passed
DET-0752,tests/engine/priceBoundaryMatrix.test.ts,PRICE-BOUNDARY matrix: requiredPriceRaw/minimumTargetPrice/approxPrice cent-rounding across cost x target > cost=2623 target=0.45,passed
DET-0753,tests/engine/priceBoundaryMatrix.test.ts,PRICE-BOUNDARY matrix: requiredPriceRaw/minimumTargetPrice/approxPrice cent-rounding across cost x target > cost=2623 target=0.50,passed
DET-0754,tests/engine/priceBoundaryMatrix.test.ts,PRICE-BOUNDARY matrix: requiredPriceRaw/minimumTargetPrice/approxPrice cent-rounding across cost x target > cost=2623 target=0.55,passed
DET-0755,tests/engine/priceBoundaryMatrix.test.ts,PRICE-BOUNDARY matrix: requiredPriceRaw/minimumTargetPrice/approxPrice cent-rounding across cost x target > cost=2623 target=0.60,passed
DET-0756,tests/engine/priceBoundaryMatrix.test.ts,PRICE-BOUNDARY matrix: requiredPriceRaw/minimumTargetPrice/approxPrice cent-rounding across cost x target > cost=2623 target=0.65,passed
DET-0757,tests/engine/priceBoundaryMatrix.test.ts,PRICE-BOUNDARY matrix: requiredPriceRaw/minimumTargetPrice/approxPrice cent-rounding across cost x target > cost=2623 target=0.70,passed
DET-0758,tests/engine/priceBoundaryMatrix.test.ts,PRICE-BOUNDARY matrix: requiredPriceRaw/minimumTargetPrice/approxPrice cent-rounding across cost x target > cost=2623 target=0.75,passed
DET-0759,tests/engine/priceBoundaryMatrix.test.ts,PRICE-BOUNDARY matrix: requiredPriceRaw/minimumTargetPrice/approxPrice cent-rounding across cost x target > cost=2623 target=0.80,passed
DET-0760,tests/engine/priceBoundaryMatrix.test.ts,PRICE-BOUNDARY matrix: requiredPriceRaw/minimumTargetPrice/approxPrice cent-rounding across cost x target > cost=2623 target=0.85,passed
DET-0761,tests/engine/priceBoundaryMatrix.test.ts,PRICE-BOUNDARY matrix: requiredPriceRaw/minimumTargetPrice/approxPrice cent-rounding across cost x target > cost=2623 target=0.90,passed
DET-0762,tests/engine/priceBoundaryMatrix.test.ts,PRICE-BOUNDARY matrix: requiredPriceRaw/minimumTargetPrice/approxPrice cent-rounding across cost x target > cost=2623 target=0.95,passed
DET-0763,tests/engine/priceBoundaryMatrix.test.ts,PRICE-BOUNDARY matrix: requiredPriceRaw/minimumTargetPrice/approxPrice cent-rounding across cost x target > cost=5000 target=0,passed
DET-0764,tests/engine/priceBoundaryMatrix.test.ts,PRICE-BOUNDARY matrix: requiredPriceRaw/minimumTargetPrice/approxPrice cent-rounding across cost x target > cost=5000 target=0.05,passed
DET-0765,tests/engine/priceBoundaryMatrix.test.ts,PRICE-BOUNDARY matrix: requiredPriceRaw/minimumTargetPrice/approxPrice cent-rounding across cost x target > cost=5000 target=0.10,passed
DET-0766,tests/engine/priceBoundaryMatrix.test.ts,PRICE-BOUNDARY matrix: requiredPriceRaw/minimumTargetPrice/approxPrice cent-rounding across cost x target > cost=5000 target=0.15,passed
DET-0767,tests/engine/priceBoundaryMatrix.test.ts,PRICE-BOUNDARY matrix: requiredPriceRaw/minimumTargetPrice/approxPrice cent-rounding across cost x target > cost=5000 target=0.20,passed
DET-0768,tests/engine/priceBoundaryMatrix.test.ts,PRICE-BOUNDARY matrix: requiredPriceRaw/minimumTargetPrice/approxPrice cent-rounding across cost x target > cost=5000 target=0.25,passed
DET-0769,tests/engine/priceBoundaryMatrix.test.ts,PRICE-BOUNDARY matrix: requiredPriceRaw/minimumTargetPrice/approxPrice cent-rounding across cost x target > cost=5000 target=0.30,passed
DET-0770,tests/engine/priceBoundaryMatrix.test.ts,PRICE-BOUNDARY matrix: requiredPriceRaw/minimumTargetPrice/approxPrice cent-rounding across cost x target > cost=5000 target=0.35,passed
DET-0771,tests/engine/priceBoundaryMatrix.test.ts,PRICE-BOUNDARY matrix: requiredPriceRaw/minimumTargetPrice/approxPrice cent-rounding across cost x target > cost=5000 target=0.40,passed
DET-0772,tests/engine/priceBoundaryMatrix.test.ts,PRICE-BOUNDARY matrix: requiredPriceRaw/minimumTargetPrice/approxPrice cent-rounding across cost x target > cost=5000 target=0.45,passed
DET-0773,tests/engine/priceBoundaryMatrix.test.ts,PRICE-BOUNDARY matrix: requiredPriceRaw/minimumTargetPrice/approxPrice cent-rounding across cost x target > cost=5000 target=0.50,passed
DET-0774,tests/engine/priceBoundaryMatrix.test.ts,PRICE-BOUNDARY matrix: requiredPriceRaw/minimumTargetPrice/approxPrice cent-rounding across cost x target > cost=5000 target=0.55,passed
DET-0775,tests/engine/priceBoundaryMatrix.test.ts,PRICE-BOUNDARY matrix: requiredPriceRaw/minimumTargetPrice/approxPrice cent-rounding across cost x target > cost=5000 target=0.60,passed
DET-0776,tests/engine/priceBoundaryMatrix.test.ts,PRICE-BOUNDARY matrix: requiredPriceRaw/minimumTargetPrice/approxPrice cent-rounding across cost x target > cost=5000 target=0.65,passed
DET-0777,tests/engine/priceBoundaryMatrix.test.ts,PRICE-BOUNDARY matrix: requiredPriceRaw/minimumTargetPrice/approxPrice cent-rounding across cost x target > cost=5000 target=0.70,passed
DET-0778,tests/engine/priceBoundaryMatrix.test.ts,PRICE-BOUNDARY matrix: requiredPriceRaw/minimumTargetPrice/approxPrice cent-rounding across cost x target > cost=5000 target=0.75,passed
DET-0779,tests/engine/priceBoundaryMatrix.test.ts,PRICE-BOUNDARY matrix: requiredPriceRaw/minimumTargetPrice/approxPrice cent-rounding across cost x target > cost=5000 target=0.80,passed
DET-0780,tests/engine/priceBoundaryMatrix.test.ts,PRICE-BOUNDARY matrix: requiredPriceRaw/minimumTargetPrice/approxPrice cent-rounding across cost x target > cost=5000 target=0.85,passed
DET-0781,tests/engine/priceBoundaryMatrix.test.ts,PRICE-BOUNDARY matrix: requiredPriceRaw/minimumTargetPrice/approxPrice cent-rounding across cost x target > cost=5000 target=0.90,passed
DET-0782,tests/engine/priceBoundaryMatrix.test.ts,PRICE-BOUNDARY matrix: requiredPriceRaw/minimumTargetPrice/approxPrice cent-rounding across cost x target > cost=5000 target=0.95,passed
DET-0783,tests/engine/priceBoundaryMatrix.test.ts,PRICE-BOUNDARY matrix: requiredPriceRaw/minimumTargetPrice/approxPrice cent-rounding across cost x target > cost=9999.99 target=0,passed
DET-0784,tests/engine/priceBoundaryMatrix.test.ts,PRICE-BOUNDARY matrix: requiredPriceRaw/minimumTargetPrice/approxPrice cent-rounding across cost x target > cost=9999.99 target=0.05,passed
DET-0785,tests/engine/priceBoundaryMatrix.test.ts,PRICE-BOUNDARY matrix: requiredPriceRaw/minimumTargetPrice/approxPrice cent-rounding across cost x target > cost=9999.99 target=0.10,passed
DET-0786,tests/engine/priceBoundaryMatrix.test.ts,PRICE-BOUNDARY matrix: requiredPriceRaw/minimumTargetPrice/approxPrice cent-rounding across cost x target > cost=9999.99 target=0.15,passed
DET-0787,tests/engine/priceBoundaryMatrix.test.ts,PRICE-BOUNDARY matrix: requiredPriceRaw/minimumTargetPrice/approxPrice cent-rounding across cost x target > cost=9999.99 target=0.20,passed
DET-0788,tests/engine/priceBoundaryMatrix.test.ts,PRICE-BOUNDARY matrix: requiredPriceRaw/minimumTargetPrice/approxPrice cent-rounding across cost x target > cost=9999.99 target=0.25,passed
DET-0789,tests/engine/priceBoundaryMatrix.test.ts,PRICE-BOUNDARY matrix: requiredPriceRaw/minimumTargetPrice/approxPrice cent-rounding across cost x target > cost=9999.99 target=0.30,passed
DET-0790,tests/engine/priceBoundaryMatrix.test.ts,PRICE-BOUNDARY matrix: requiredPriceRaw/minimumTargetPrice/approxPrice cent-rounding across cost x target > cost=9999.99 target=0.35,passed
DET-0791,tests/engine/priceBoundaryMatrix.test.ts,PRICE-BOUNDARY matrix: requiredPriceRaw/minimumTargetPrice/approxPrice cent-rounding across cost x target > cost=9999.99 target=0.40,passed
DET-0792,tests/engine/priceBoundaryMatrix.test.ts,PRICE-BOUNDARY matrix: requiredPriceRaw/minimumTargetPrice/approxPrice cent-rounding across cost x target > cost=9999.99 target=0.45,passed
DET-0793,tests/engine/priceBoundaryMatrix.test.ts,PRICE-BOUNDARY matrix: requiredPriceRaw/minimumTargetPrice/approxPrice cent-rounding across cost x target > cost=9999.99 target=0.50,passed
DET-0794,tests/engine/priceBoundaryMatrix.test.ts,PRICE-BOUNDARY matrix: requiredPriceRaw/minimumTargetPrice/approxPrice cent-rounding across cost x target > cost=9999.99 target=0.55,passed
DET-0795,tests/engine/priceBoundaryMatrix.test.ts,PRICE-BOUNDARY matrix: requiredPriceRaw/minimumTargetPrice/approxPrice cent-rounding across cost x target > cost=9999.99 target=0.60,passed
DET-0796,tests/engine/priceBoundaryMatrix.test.ts,PRICE-BOUNDARY matrix: requiredPriceRaw/minimumTargetPrice/approxPrice cent-rounding across cost x target > cost=9999.99 target=0.65,passed
DET-0797,tests/engine/priceBoundaryMatrix.test.ts,PRICE-BOUNDARY matrix: requiredPriceRaw/minimumTargetPrice/approxPrice cent-rounding across cost x target > cost=9999.99 target=0.70,passed
DET-0798,tests/engine/priceBoundaryMatrix.test.ts,PRICE-BOUNDARY matrix: requiredPriceRaw/minimumTargetPrice/approxPrice cent-rounding across cost x target > cost=9999.99 target=0.75,passed
DET-0799,tests/engine/priceBoundaryMatrix.test.ts,PRICE-BOUNDARY matrix: requiredPriceRaw/minimumTargetPrice/approxPrice cent-rounding across cost x target > cost=9999.99 target=0.80,passed
DET-0800,tests/engine/priceBoundaryMatrix.test.ts,PRICE-BOUNDARY matrix: requiredPriceRaw/minimumTargetPrice/approxPrice cent-rounding across cost x target > cost=9999.99 target=0.85,passed
DET-0801,tests/engine/priceBoundaryMatrix.test.ts,PRICE-BOUNDARY matrix: requiredPriceRaw/minimumTargetPrice/approxPrice cent-rounding across cost x target > cost=9999.99 target=0.90,passed
DET-0802,tests/engine/priceBoundaryMatrix.test.ts,PRICE-BOUNDARY matrix: requiredPriceRaw/minimumTargetPrice/approxPrice cent-rounding across cost x target > cost=9999.99 target=0.95,passed
DET-0803,tests/engine/pricing.test.ts,"CORE pricing: status boundaries > CORE-price-01: status is exactly at_target on an exact match, not below/above",passed
DET-0804,tests/engine/pricing.test.ts,CORE pricing: status boundaries > CORE-price-02: unpriced vs zero_price are different states and different profit values,passed
DET-0805,tests/engine/pricing.test.ts,CORE pricing: status boundaries > CORE-price-03 (BOUND V04): target ratio of 1 throws rather than silently dividing by zero,passed
DET-0806,tests/engine/pricing.test.ts,CORE pricing: status boundaries > CORE-price-04 (BOUND V04): target ratio negative throws,passed
DET-0807,tests/engine/pricing.test.ts,"CORE pricing: status boundaries > CORE-price-05 (BOUND V04): extreme cost near a 100% target returns out_of_supported_range, never Infinity",passed
DET-0808,tests/engine/pricing.test.ts,CORE pricing: status boundaries > CORE-price-06: minimumTargetPrice is always >= the raw required price (never rounds down below target),passed
DET-0809,tests/engine/pricing.test.ts,CORE pricing: status boundaries > CORE-price-07: negative profit and negative margin are never clamped to zero,passed
DET-0810,tests/engine/pricing.test.ts,"CORE pricing: status boundaries > CORE-price-08: markup is distinct from margin and only null-guarded on cost, not price",passed
DET-0811,tests/engine/pricing.test.ts,"CORE pricing: status boundaries > CORE-price-09: margin(price) is null for a non-positive price, never a divide-by-zero result",passed
DET-0812,tests/engine/pricing.test.ts,"CORE pricing: status boundaries > CORE-price-10: markup(cost) is null for a non-positive cost, never a divide-by-zero result",passed
DET-0813,tests/engine/purchaseBoundaryMatrix.test.ts,PURCHASE-BOUNDARY matrix: rawDemandGal/purchasedGallons across area x coats x waste x coverage > area=350 coats=1 waste=0 coverage=100,passed
DET-0814,tests/engine/purchaseBoundaryMatrix.test.ts,PURCHASE-BOUNDARY matrix: rawDemandGal/purchasedGallons across area x coats x waste x coverage > area=350 coats=1 waste=0.05 coverage=100,passed
DET-0815,tests/engine/purchaseBoundaryMatrix.test.ts,PURCHASE-BOUNDARY matrix: rawDemandGal/purchasedGallons across area x coats x waste x coverage > area=350 coats=1 waste=0.10 coverage=100,passed
DET-0816,tests/engine/purchaseBoundaryMatrix.test.ts,PURCHASE-BOUNDARY matrix: rawDemandGal/purchasedGallons across area x coats x waste x coverage > area=350 coats=1 waste=0.15 coverage=100,passed
DET-0817,tests/engine/purchaseBoundaryMatrix.test.ts,PURCHASE-BOUNDARY matrix: rawDemandGal/purchasedGallons across area x coats x waste x coverage > area=350 coats=1 waste=0.20 coverage=100,passed
DET-0818,tests/engine/purchaseBoundaryMatrix.test.ts,PURCHASE-BOUNDARY matrix: rawDemandGal/purchasedGallons across area x coats x waste x coverage > area=350 coats=2 waste=0 coverage=100,passed
DET-0819,tests/engine/purchaseBoundaryMatrix.test.ts,PURCHASE-BOUNDARY matrix: rawDemandGal/purchasedGallons across area x coats x waste x coverage > area=350 coats=2 waste=0.05 coverage=100,passed
DET-0820,tests/engine/purchaseBoundaryMatrix.test.ts,PURCHASE-BOUNDARY matrix: rawDemandGal/purchasedGallons across area x coats x waste x coverage > area=350 coats=2 waste=0.10 coverage=100,passed
DET-0821,tests/engine/purchaseBoundaryMatrix.test.ts,PURCHASE-BOUNDARY matrix: rawDemandGal/purchasedGallons across area x coats x waste x coverage > area=350 coats=2 waste=0.15 coverage=100,passed
DET-0822,tests/engine/purchaseBoundaryMatrix.test.ts,PURCHASE-BOUNDARY matrix: rawDemandGal/purchasedGallons across area x coats x waste x coverage > area=350 coats=2 waste=0.20 coverage=100,passed
DET-0823,tests/engine/purchaseBoundaryMatrix.test.ts,PURCHASE-BOUNDARY matrix: rawDemandGal/purchasedGallons across area x coats x waste x coverage > area=350 coats=3 waste=0 coverage=100,passed
DET-0824,tests/engine/purchaseBoundaryMatrix.test.ts,PURCHASE-BOUNDARY matrix: rawDemandGal/purchasedGallons across area x coats x waste x coverage > area=350 coats=3 waste=0.05 coverage=100,passed
DET-0825,tests/engine/purchaseBoundaryMatrix.test.ts,PURCHASE-BOUNDARY matrix: rawDemandGal/purchasedGallons across area x coats x waste x coverage > area=350 coats=3 waste=0.10 coverage=100,passed
DET-0826,tests/engine/purchaseBoundaryMatrix.test.ts,PURCHASE-BOUNDARY matrix: rawDemandGal/purchasedGallons across area x coats x waste x coverage > area=350 coats=3 waste=0.15 coverage=100,passed
DET-0827,tests/engine/purchaseBoundaryMatrix.test.ts,PURCHASE-BOUNDARY matrix: rawDemandGal/purchasedGallons across area x coats x waste x coverage > area=350 coats=3 waste=0.20 coverage=100,passed
DET-0828,tests/engine/purchaseBoundaryMatrix.test.ts,PURCHASE-BOUNDARY matrix: rawDemandGal/purchasedGallons across area x coats x waste x coverage > area=525 coats=1 waste=0 coverage=150,passed
DET-0829,tests/engine/purchaseBoundaryMatrix.test.ts,PURCHASE-BOUNDARY matrix: rawDemandGal/purchasedGallons across area x coats x waste x coverage > area=525 coats=1 waste=0.05 coverage=150,passed
DET-0830,tests/engine/purchaseBoundaryMatrix.test.ts,PURCHASE-BOUNDARY matrix: rawDemandGal/purchasedGallons across area x coats x waste x coverage > area=525 coats=1 waste=0.10 coverage=150,passed
DET-0831,tests/engine/purchaseBoundaryMatrix.test.ts,PURCHASE-BOUNDARY matrix: rawDemandGal/purchasedGallons across area x coats x waste x coverage > area=525 coats=1 waste=0.15 coverage=150,passed
DET-0832,tests/engine/purchaseBoundaryMatrix.test.ts,PURCHASE-BOUNDARY matrix: rawDemandGal/purchasedGallons across area x coats x waste x coverage > area=525 coats=1 waste=0.20 coverage=150,passed
DET-0833,tests/engine/purchaseBoundaryMatrix.test.ts,PURCHASE-BOUNDARY matrix: rawDemandGal/purchasedGallons across area x coats x waste x coverage > area=525 coats=2 waste=0 coverage=150,passed
DET-0834,tests/engine/purchaseBoundaryMatrix.test.ts,PURCHASE-BOUNDARY matrix: rawDemandGal/purchasedGallons across area x coats x waste x coverage > area=525 coats=2 waste=0.05 coverage=150,passed
DET-0835,tests/engine/purchaseBoundaryMatrix.test.ts,PURCHASE-BOUNDARY matrix: rawDemandGal/purchasedGallons across area x coats x waste x coverage > area=525 coats=2 waste=0.10 coverage=150,passed
DET-0836,tests/engine/purchaseBoundaryMatrix.test.ts,PURCHASE-BOUNDARY matrix: rawDemandGal/purchasedGallons across area x coats x waste x coverage > area=525 coats=2 waste=0.15 coverage=150,passed
DET-0837,tests/engine/purchaseBoundaryMatrix.test.ts,PURCHASE-BOUNDARY matrix: rawDemandGal/purchasedGallons across area x coats x waste x coverage > area=525 coats=2 waste=0.20 coverage=150,passed
DET-0838,tests/engine/purchaseBoundaryMatrix.test.ts,PURCHASE-BOUNDARY matrix: rawDemandGal/purchasedGallons across area x coats x waste x coverage > area=525 coats=3 waste=0 coverage=150,passed
DET-0839,tests/engine/purchaseBoundaryMatrix.test.ts,PURCHASE-BOUNDARY matrix: rawDemandGal/purchasedGallons across area x coats x waste x coverage > area=525 coats=3 waste=0.05 coverage=150,passed
DET-0840,tests/engine/purchaseBoundaryMatrix.test.ts,PURCHASE-BOUNDARY matrix: rawDemandGal/purchasedGallons across area x coats x waste x coverage > area=525 coats=3 waste=0.10 coverage=150,passed
DET-0841,tests/engine/purchaseBoundaryMatrix.test.ts,PURCHASE-BOUNDARY matrix: rawDemandGal/purchasedGallons across area x coats x waste x coverage > area=525 coats=3 waste=0.15 coverage=150,passed
DET-0842,tests/engine/purchaseBoundaryMatrix.test.ts,PURCHASE-BOUNDARY matrix: rawDemandGal/purchasedGallons across area x coats x waste x coverage > area=525 coats=3 waste=0.20 coverage=150,passed
DET-0843,tests/engine/purchaseBoundaryMatrix.test.ts,PURCHASE-BOUNDARY matrix: rawDemandGal/purchasedGallons across area x coats x waste x coverage > area=700 coats=1 waste=0 coverage=200,passed
DET-0844,tests/engine/purchaseBoundaryMatrix.test.ts,PURCHASE-BOUNDARY matrix: rawDemandGal/purchasedGallons across area x coats x waste x coverage > area=700 coats=1 waste=0.05 coverage=200,passed
DET-0845,tests/engine/purchaseBoundaryMatrix.test.ts,PURCHASE-BOUNDARY matrix: rawDemandGal/purchasedGallons across area x coats x waste x coverage > area=700 coats=1 waste=0.10 coverage=200,passed
DET-0846,tests/engine/purchaseBoundaryMatrix.test.ts,PURCHASE-BOUNDARY matrix: rawDemandGal/purchasedGallons across area x coats x waste x coverage > area=700 coats=1 waste=0.15 coverage=200,passed
DET-0847,tests/engine/purchaseBoundaryMatrix.test.ts,PURCHASE-BOUNDARY matrix: rawDemandGal/purchasedGallons across area x coats x waste x coverage > area=700 coats=1 waste=0.20 coverage=200,passed
DET-0848,tests/engine/purchaseBoundaryMatrix.test.ts,PURCHASE-BOUNDARY matrix: rawDemandGal/purchasedGallons across area x coats x waste x coverage > area=700 coats=2 waste=0 coverage=200,passed
DET-0849,tests/engine/purchaseBoundaryMatrix.test.ts,PURCHASE-BOUNDARY matrix: rawDemandGal/purchasedGallons across area x coats x waste x coverage > area=700 coats=2 waste=0.05 coverage=200,passed
DET-0850,tests/engine/purchaseBoundaryMatrix.test.ts,PURCHASE-BOUNDARY matrix: rawDemandGal/purchasedGallons across area x coats x waste x coverage > area=700 coats=2 waste=0.10 coverage=200,passed
DET-0851,tests/engine/purchaseBoundaryMatrix.test.ts,PURCHASE-BOUNDARY matrix: rawDemandGal/purchasedGallons across area x coats x waste x coverage > area=700 coats=2 waste=0.15 coverage=200,passed
DET-0852,tests/engine/purchaseBoundaryMatrix.test.ts,PURCHASE-BOUNDARY matrix: rawDemandGal/purchasedGallons across area x coats x waste x coverage > area=700 coats=2 waste=0.20 coverage=200,passed
DET-0853,tests/engine/purchaseBoundaryMatrix.test.ts,PURCHASE-BOUNDARY matrix: rawDemandGal/purchasedGallons across area x coats x waste x coverage > area=700 coats=3 waste=0 coverage=200,passed
DET-0854,tests/engine/purchaseBoundaryMatrix.test.ts,PURCHASE-BOUNDARY matrix: rawDemandGal/purchasedGallons across area x coats x waste x coverage > area=700 coats=3 waste=0.05 coverage=200,passed
DET-0855,tests/engine/purchaseBoundaryMatrix.test.ts,PURCHASE-BOUNDARY matrix: rawDemandGal/purchasedGallons across area x coats x waste x coverage > area=700 coats=3 waste=0.10 coverage=200,passed
DET-0856,tests/engine/purchaseBoundaryMatrix.test.ts,PURCHASE-BOUNDARY matrix: rawDemandGal/purchasedGallons across area x coats x waste x coverage > area=700 coats=3 waste=0.15 coverage=200,passed
DET-0857,tests/engine/purchaseBoundaryMatrix.test.ts,PURCHASE-BOUNDARY matrix: rawDemandGal/purchasedGallons across area x coats x waste x coverage > area=700 coats=3 waste=0.20 coverage=200,passed
DET-0858,tests/engine/purchaseBoundaryMatrix.test.ts,PURCHASE-BOUNDARY matrix: rawDemandGal/purchasedGallons across area x coats x waste x coverage > area=962.5 coats=1 waste=0 coverage=275,passed
DET-0859,tests/engine/purchaseBoundaryMatrix.test.ts,PURCHASE-BOUNDARY matrix: rawDemandGal/purchasedGallons across area x coats x waste x coverage > area=962.5 coats=1 waste=0.05 coverage=275,passed
DET-0860,tests/engine/purchaseBoundaryMatrix.test.ts,PURCHASE-BOUNDARY matrix: rawDemandGal/purchasedGallons across area x coats x waste x coverage > area=962.5 coats=1 waste=0.10 coverage=275,passed
DET-0861,tests/engine/purchaseBoundaryMatrix.test.ts,PURCHASE-BOUNDARY matrix: rawDemandGal/purchasedGallons across area x coats x waste x coverage > area=962.5 coats=1 waste=0.15 coverage=275,passed
DET-0862,tests/engine/purchaseBoundaryMatrix.test.ts,PURCHASE-BOUNDARY matrix: rawDemandGal/purchasedGallons across area x coats x waste x coverage > area=962.5 coats=1 waste=0.20 coverage=275,passed
DET-0863,tests/engine/purchaseBoundaryMatrix.test.ts,PURCHASE-BOUNDARY matrix: rawDemandGal/purchasedGallons across area x coats x waste x coverage > area=962.5 coats=2 waste=0 coverage=275,passed
DET-0864,tests/engine/purchaseBoundaryMatrix.test.ts,PURCHASE-BOUNDARY matrix: rawDemandGal/purchasedGallons across area x coats x waste x coverage > area=962.5 coats=2 waste=0.05 coverage=275,passed
DET-0865,tests/engine/purchaseBoundaryMatrix.test.ts,PURCHASE-BOUNDARY matrix: rawDemandGal/purchasedGallons across area x coats x waste x coverage > area=962.5 coats=2 waste=0.10 coverage=275,passed
DET-0866,tests/engine/purchaseBoundaryMatrix.test.ts,PURCHASE-BOUNDARY matrix: rawDemandGal/purchasedGallons across area x coats x waste x coverage > area=962.5 coats=2 waste=0.15 coverage=275,passed
DET-0867,tests/engine/purchaseBoundaryMatrix.test.ts,PURCHASE-BOUNDARY matrix: rawDemandGal/purchasedGallons across area x coats x waste x coverage > area=962.5 coats=2 waste=0.20 coverage=275,passed
DET-0868,tests/engine/purchaseBoundaryMatrix.test.ts,PURCHASE-BOUNDARY matrix: rawDemandGal/purchasedGallons across area x coats x waste x coverage > area=962.5 coats=3 waste=0 coverage=275,passed
DET-0869,tests/engine/purchaseBoundaryMatrix.test.ts,PURCHASE-BOUNDARY matrix: rawDemandGal/purchasedGallons across area x coats x waste x coverage > area=962.5 coats=3 waste=0.05 coverage=275,passed
DET-0870,tests/engine/purchaseBoundaryMatrix.test.ts,PURCHASE-BOUNDARY matrix: rawDemandGal/purchasedGallons across area x coats x waste x coverage > area=962.5 coats=3 waste=0.10 coverage=275,passed
DET-0871,tests/engine/purchaseBoundaryMatrix.test.ts,PURCHASE-BOUNDARY matrix: rawDemandGal/purchasedGallons across area x coats x waste x coverage > area=962.5 coats=3 waste=0.15 coverage=275,passed
DET-0872,tests/engine/purchaseBoundaryMatrix.test.ts,PURCHASE-BOUNDARY matrix: rawDemandGal/purchasedGallons across area x coats x waste x coverage > area=962.5 coats=3 waste=0.20 coverage=275,passed
DET-0873,tests/engine/purchaseBoundaryMatrix.test.ts,PURCHASE-BOUNDARY matrix: rawDemandGal/purchasedGallons across area x coats x waste x coverage > area=1225 coats=1 waste=0 coverage=350,passed
DET-0874,tests/engine/purchaseBoundaryMatrix.test.ts,PURCHASE-BOUNDARY matrix: rawDemandGal/purchasedGallons across area x coats x waste x coverage > area=1225 coats=1 waste=0.05 coverage=350,passed
DET-0875,tests/engine/purchaseBoundaryMatrix.test.ts,PURCHASE-BOUNDARY matrix: rawDemandGal/purchasedGallons across area x coats x waste x coverage > area=1225 coats=1 waste=0.10 coverage=350,passed
DET-0876,tests/engine/purchaseBoundaryMatrix.test.ts,PURCHASE-BOUNDARY matrix: rawDemandGal/purchasedGallons across area x coats x waste x coverage > area=1225 coats=1 waste=0.15 coverage=350,passed
DET-0877,tests/engine/purchaseBoundaryMatrix.test.ts,PURCHASE-BOUNDARY matrix: rawDemandGal/purchasedGallons across area x coats x waste x coverage > area=1225 coats=1 waste=0.20 coverage=350,passed
DET-0878,tests/engine/purchaseBoundaryMatrix.test.ts,PURCHASE-BOUNDARY matrix: rawDemandGal/purchasedGallons across area x coats x waste x coverage > area=1225 coats=2 waste=0 coverage=350,passed
DET-0879,tests/engine/purchaseBoundaryMatrix.test.ts,PURCHASE-BOUNDARY matrix: rawDemandGal/purchasedGallons across area x coats x waste x coverage > area=1225 coats=2 waste=0.05 coverage=350,passed
DET-0880,tests/engine/purchaseBoundaryMatrix.test.ts,PURCHASE-BOUNDARY matrix: rawDemandGal/purchasedGallons across area x coats x waste x coverage > area=1225 coats=2 waste=0.10 coverage=350,passed
DET-0881,tests/engine/purchaseBoundaryMatrix.test.ts,PURCHASE-BOUNDARY matrix: rawDemandGal/purchasedGallons across area x coats x waste x coverage > area=1225 coats=2 waste=0.15 coverage=350,passed
DET-0882,tests/engine/purchaseBoundaryMatrix.test.ts,PURCHASE-BOUNDARY matrix: rawDemandGal/purchasedGallons across area x coats x waste x coverage > area=1225 coats=2 waste=0.20 coverage=350,passed
DET-0883,tests/engine/purchaseBoundaryMatrix.test.ts,PURCHASE-BOUNDARY matrix: rawDemandGal/purchasedGallons across area x coats x waste x coverage > area=1225 coats=3 waste=0 coverage=350,passed
DET-0884,tests/engine/purchaseBoundaryMatrix.test.ts,PURCHASE-BOUNDARY matrix: rawDemandGal/purchasedGallons across area x coats x waste x coverage > area=1225 coats=3 waste=0.05 coverage=350,passed
DET-0885,tests/engine/purchaseBoundaryMatrix.test.ts,PURCHASE-BOUNDARY matrix: rawDemandGal/purchasedGallons across area x coats x waste x coverage > area=1225 coats=3 waste=0.10 coverage=350,passed
DET-0886,tests/engine/purchaseBoundaryMatrix.test.ts,PURCHASE-BOUNDARY matrix: rawDemandGal/purchasedGallons across area x coats x waste x coverage > area=1225 coats=3 waste=0.15 coverage=350,passed
DET-0887,tests/engine/purchaseBoundaryMatrix.test.ts,PURCHASE-BOUNDARY matrix: rawDemandGal/purchasedGallons across area x coats x waste x coverage > area=1225 coats=3 waste=0.20 coverage=350,passed
DET-0888,tests/engine/purchaseBoundaryMatrix.test.ts,PURCHASE-BOUNDARY matrix: rawDemandGal/purchasedGallons across area x coats x waste x coverage > area=1575 coats=1 waste=0 coverage=450,passed
DET-0889,tests/engine/purchaseBoundaryMatrix.test.ts,PURCHASE-BOUNDARY matrix: rawDemandGal/purchasedGallons across area x coats x waste x coverage > area=1575 coats=1 waste=0.05 coverage=450,passed
DET-0890,tests/engine/purchaseBoundaryMatrix.test.ts,PURCHASE-BOUNDARY matrix: rawDemandGal/purchasedGallons across area x coats x waste x coverage > area=1575 coats=1 waste=0.10 coverage=450,passed
DET-0891,tests/engine/purchaseBoundaryMatrix.test.ts,PURCHASE-BOUNDARY matrix: rawDemandGal/purchasedGallons across area x coats x waste x coverage > area=1575 coats=1 waste=0.15 coverage=450,passed
DET-0892,tests/engine/purchaseBoundaryMatrix.test.ts,PURCHASE-BOUNDARY matrix: rawDemandGal/purchasedGallons across area x coats x waste x coverage > area=1575 coats=1 waste=0.20 coverage=450,passed
DET-0893,tests/engine/purchaseBoundaryMatrix.test.ts,PURCHASE-BOUNDARY matrix: rawDemandGal/purchasedGallons across area x coats x waste x coverage > area=1575 coats=2 waste=0 coverage=450,passed
DET-0894,tests/engine/purchaseBoundaryMatrix.test.ts,PURCHASE-BOUNDARY matrix: rawDemandGal/purchasedGallons across area x coats x waste x coverage > area=1575 coats=2 waste=0.05 coverage=450,passed
DET-0895,tests/engine/purchaseBoundaryMatrix.test.ts,PURCHASE-BOUNDARY matrix: rawDemandGal/purchasedGallons across area x coats x waste x coverage > area=1575 coats=2 waste=0.10 coverage=450,passed
DET-0896,tests/engine/purchaseBoundaryMatrix.test.ts,PURCHASE-BOUNDARY matrix: rawDemandGal/purchasedGallons across area x coats x waste x coverage > area=1575 coats=2 waste=0.15 coverage=450,passed
DET-0897,tests/engine/purchaseBoundaryMatrix.test.ts,PURCHASE-BOUNDARY matrix: rawDemandGal/purchasedGallons across area x coats x waste x coverage > area=1575 coats=2 waste=0.20 coverage=450,passed
DET-0898,tests/engine/purchaseBoundaryMatrix.test.ts,PURCHASE-BOUNDARY matrix: rawDemandGal/purchasedGallons across area x coats x waste x coverage > area=1575 coats=3 waste=0 coverage=450,passed
DET-0899,tests/engine/purchaseBoundaryMatrix.test.ts,PURCHASE-BOUNDARY matrix: rawDemandGal/purchasedGallons across area x coats x waste x coverage > area=1575 coats=3 waste=0.05 coverage=450,passed
DET-0900,tests/engine/purchaseBoundaryMatrix.test.ts,PURCHASE-BOUNDARY matrix: rawDemandGal/purchasedGallons across area x coats x waste x coverage > area=1575 coats=3 waste=0.10 coverage=450,passed
DET-0901,tests/engine/purchaseBoundaryMatrix.test.ts,PURCHASE-BOUNDARY matrix: rawDemandGal/purchasedGallons across area x coats x waste x coverage > area=1575 coats=3 waste=0.15 coverage=450,passed
DET-0902,tests/engine/purchaseBoundaryMatrix.test.ts,PURCHASE-BOUNDARY matrix: rawDemandGal/purchasedGallons across area x coats x waste x coverage > area=1575 coats=3 waste=0.20 coverage=450,passed
DET-0903,tests/engine/purchaseBoundaryMatrix.test.ts,PURCHASE-BOUNDARY matrix: rawDemandGal/purchasedGallons across area x coats x waste x coverage > area=1750 coats=1 waste=0 coverage=500,passed
DET-0904,tests/engine/purchaseBoundaryMatrix.test.ts,PURCHASE-BOUNDARY matrix: rawDemandGal/purchasedGallons across area x coats x waste x coverage > area=1750 coats=1 waste=0.05 coverage=500,passed
DET-0905,tests/engine/purchaseBoundaryMatrix.test.ts,PURCHASE-BOUNDARY matrix: rawDemandGal/purchasedGallons across area x coats x waste x coverage > area=1750 coats=1 waste=0.10 coverage=500,passed
DET-0906,tests/engine/purchaseBoundaryMatrix.test.ts,PURCHASE-BOUNDARY matrix: rawDemandGal/purchasedGallons across area x coats x waste x coverage > area=1750 coats=1 waste=0.15 coverage=500,passed
DET-0907,tests/engine/purchaseBoundaryMatrix.test.ts,PURCHASE-BOUNDARY matrix: rawDemandGal/purchasedGallons across area x coats x waste x coverage > area=1750 coats=1 waste=0.20 coverage=500,passed
DET-0908,tests/engine/purchaseBoundaryMatrix.test.ts,PURCHASE-BOUNDARY matrix: rawDemandGal/purchasedGallons across area x coats x waste x coverage > area=1750 coats=2 waste=0 coverage=500,passed
DET-0909,tests/engine/purchaseBoundaryMatrix.test.ts,PURCHASE-BOUNDARY matrix: rawDemandGal/purchasedGallons across area x coats x waste x coverage > area=1750 coats=2 waste=0.05 coverage=500,passed
DET-0910,tests/engine/purchaseBoundaryMatrix.test.ts,PURCHASE-BOUNDARY matrix: rawDemandGal/purchasedGallons across area x coats x waste x coverage > area=1750 coats=2 waste=0.10 coverage=500,passed
DET-0911,tests/engine/purchaseBoundaryMatrix.test.ts,PURCHASE-BOUNDARY matrix: rawDemandGal/purchasedGallons across area x coats x waste x coverage > area=1750 coats=2 waste=0.15 coverage=500,passed
DET-0912,tests/engine/purchaseBoundaryMatrix.test.ts,PURCHASE-BOUNDARY matrix: rawDemandGal/purchasedGallons across area x coats x waste x coverage > area=1750 coats=2 waste=0.20 coverage=500,passed
DET-0913,tests/engine/purchaseBoundaryMatrix.test.ts,PURCHASE-BOUNDARY matrix: rawDemandGal/purchasedGallons across area x coats x waste x coverage > area=1750 coats=3 waste=0 coverage=500,passed
DET-0914,tests/engine/purchaseBoundaryMatrix.test.ts,PURCHASE-BOUNDARY matrix: rawDemandGal/purchasedGallons across area x coats x waste x coverage > area=1750 coats=3 waste=0.05 coverage=500,passed
DET-0915,tests/engine/purchaseBoundaryMatrix.test.ts,PURCHASE-BOUNDARY matrix: rawDemandGal/purchasedGallons across area x coats x waste x coverage > area=1750 coats=3 waste=0.10 coverage=500,passed
DET-0916,tests/engine/purchaseBoundaryMatrix.test.ts,PURCHASE-BOUNDARY matrix: rawDemandGal/purchasedGallons across area x coats x waste x coverage > area=1750 coats=3 waste=0.15 coverage=500,passed
DET-0917,tests/engine/purchaseBoundaryMatrix.test.ts,PURCHASE-BOUNDARY matrix: rawDemandGal/purchasedGallons across area x coats x waste x coverage > area=1750 coats=3 waste=0.20 coverage=500,passed
DET-0918,tests/engine/serviceHealth.test.ts,HEALTH: Price Book Health service unit model > HEALTH-01: null currentSellingPrice prompts entry rather than showing a false 0%/alarming status,passed
DET-0919,tests/engine/serviceHealth.test.ts,"HEALTH: Price Book Health service unit model > HEALTH-02 (V11): a null unitCost (missing required assumption) is incomplete, not a fabricated cheap row",passed
DET-0920,tests/engine/serviceHealth.test.ts,"HEALTH: Price Book Health service unit model > HEALTH-03: a price below modeled cost shows a genuine negative margin, never clamped to zero",passed
DET-0921,tests/engine/serviceHealth.test.ts,"HEALTH: Price Book Health service unit model > HEALTH-04 (forward-derived fixture, not the homepage illustration): $1.80/unit -> ~55.9% margin",passed
DET-0922,tests/parity/crossToolParity.test.tsx,"PARITY-01: free job-cost calculator vs. an independently oracle-validated expected value > the ""job-original-brief"" acceptance fixture, fed through evaluateJobCost() (the free tool's own input-parsing layer), matches the exact-Fraction-oracle-validated numbers",passed
DET-0923,tests/parity/crossToolParity.test.tsx,PARITY-02: free interior calculator vs. an equivalent Pro manual-mode wall surface > renders those exact inputs in the real InteriorCalculator component and matches the oracle-validated total,passed
DET-0924,tests/parity/crossToolParity.test.tsx,"PARITY-03: free-to-Pro handoff vs. the original free-tool inputs > buildProjectFromInteriorHandoff, assembled through the Pro pipeline, reproduces interior-walls-brief's oracle-validated total exactly",passed
DET-0925,tests/parity/crossToolParity.test.tsx,"PARITY-04: Pro estimate summary vs. the issued customer-document total > a single-line document at the suggested price totals to exactly that price (no silent tax addition, matching CALCULATION_SPEC §6)",passed
DET-0926,tests/parity/crossToolParity.test.tsx,"PARITY-05: Pro estimate vs. Price Book Health under identical per-unit assumptions > a Pro wall surface at exactly one coverage-unit of area (350ft2, waste=0) matches Price Book Health's continuous per-unit rate exactly",passed
DET-0927,tests/parity/crossToolParity.test.tsx,PARITY-06: estimate job-cost baseline vs. the actual-review starting baseline > the SAME jobCost value from assembleProjectEstimate flows unchanged into evaluateActualReview's baselineCost and its totalVariance,passed
DET-0928,tests/parity/crossToolParity.test.tsx,PARITY-07: saved/reopened estimate vs. the original in-memory calculation > a full JSON round-trip of the revision (simulating an IndexedDB save + reopen) reassembles to byte-identical output,passed
DET-0929,tests/parity/crossToolParity.test.tsx,PARITY-08: exported/restored project vs. its pre-export calculation > a project run through exportBackup -> JSON round-trip -> validateBackupEnvelope reassembles to the identical result,passed
DET-0930,tests/parity/crossToolParity.test.tsx,"PARITY-09: import-as-copy vs. the original calculation > a copy planned by planImportAsCopies computes the exact same total as the source (new ids, same numbers)",passed
DET-0931,tests/parity/crossToolParity.test.tsx,"PARITY-10: rate refresh followed by undo vs. the exact pre-refresh result > applying a live rate change then undoing it restores byte-identical calculated output (one fixed deterministic instance, complementing PROPERTY 17's randomized coverage)",passed
DET-0932,tests/parity/crossToolParity.test.tsx,"PARITY-11: room/surface reorder vs. pre-reorder totals and IDs > reordering two surfaces within their group changes only array order -- same ids, same totals",passed
DET-0933,tests/parity/crossToolParity.test.tsx,"PARITY-12: an issued frozen revision vs. later live settings/catalog changes > changing the loaded hourly rate after issue leaves the issued revision's frozen jobCost unchanged, even though a fresh draft with the new rate computes a different one",passed
DET-0934,tests/pairwise/interiorCalculatorPairwise.test.tsx,"PAIRWISE-C: free interior calculator mode-interaction coverage > case 0: { includeWalls: true, …(4) }",passed
DET-0935,tests/pairwise/interiorCalculatorPairwise.test.tsx,"PAIRWISE-C: free interior calculator mode-interaction coverage > case 1: { includeWalls: true, …(4) }",passed
DET-0936,tests/pairwise/interiorCalculatorPairwise.test.tsx,"PAIRWISE-C: free interior calculator mode-interaction coverage > case 2: { includeWalls: false, …(4) }",passed
DET-0937,tests/pairwise/interiorCalculatorPairwise.test.tsx,"PAIRWISE-C: free interior calculator mode-interaction coverage > case 3: { includeWalls: true, …(4) }",passed
DET-0938,tests/pairwise/interiorCalculatorPairwise.test.tsx,"PAIRWISE-C: free interior calculator mode-interaction coverage > case 4: { includeWalls: false, …(4) }",passed
DET-0939,tests/pairwise/interiorCalculatorPairwise.test.tsx,"PAIRWISE-C: free interior calculator mode-interaction coverage > case 5: { includeWalls: false, …(4) }",passed
DET-0940,tests/pairwise/interiorCalculatorPairwise.test.tsx,"PAIRWISE-C: free interior calculator mode-interaction coverage > case 6: { includeWalls: true, …(4) }",passed
DET-0941,tests/pairwise/interiorCalculatorPairwise.test.tsx,"PAIRWISE-C: free interior calculator mode-interaction coverage > case 7: { includeWalls: true, …(4) }",passed
DET-0942,tests/pairwise/interiorCalculatorPairwise.test.tsx,"PAIRWISE-C: free interior calculator mode-interaction coverage > case 8: { includeWalls: false, …(4) }",passed
DET-0943,tests/pairwise/interiorCalculatorPairwise.test.tsx,"PAIRWISE-C: free interior calculator mode-interaction coverage > case 9: { includeWalls: true, …(4) }",passed
DET-0944,tests/pairwise/interiorCalculatorPairwise.test.tsx,"PAIRWISE-C: free interior calculator mode-interaction coverage > case 10: { includeWalls: true, …(4) }",passed
DET-0945,tests/pairwise/interiorCalculatorPairwise.test.tsx,"PAIRWISE-C: free interior calculator mode-interaction coverage > case 11: { includeWalls: true, …(4) }",passed
DET-0946,tests/pairwise/interiorCalculatorPairwise.test.tsx,"PAIRWISE-C: free interior calculator mode-interaction coverage > case 12: { includeWalls: true, …(4) }",passed
DET-0947,tests/pairwise/jobCostPairwise.test.ts,"PAIRWISE-B: free job-cost calculator mode-interaction coverage > case 0: { materialsMode: 'lumpSum', …(5) }",passed
DET-0948,tests/pairwise/jobCostPairwise.test.ts,"PAIRWISE-B: free job-cost calculator mode-interaction coverage > case 1: { materialsMode: 'lumpSum', …(5) }",passed
DET-0949,tests/pairwise/jobCostPairwise.test.ts,"PAIRWISE-B: free job-cost calculator mode-interaction coverage > case 2: { materialsMode: 'itemized', …(5) }",passed
DET-0950,tests/pairwise/jobCostPairwise.test.ts,"PAIRWISE-B: free job-cost calculator mode-interaction coverage > case 3: { materialsMode: 'itemized', …(5) }",passed
DET-0951,tests/pairwise/jobCostPairwise.test.ts,"PAIRWISE-B: free job-cost calculator mode-interaction coverage > case 4: { materialsMode: 'lumpSum', …(5) }",passed
DET-0952,tests/pairwise/jobCostPairwise.test.ts,"PAIRWISE-B: free job-cost calculator mode-interaction coverage > case 5: { materialsMode: 'itemized', …(5) }",passed
DET-0953,tests/pairwise/jobCostPairwise.test.ts,"PAIRWISE-B: free job-cost calculator mode-interaction coverage > case 6: { materialsMode: 'lumpSum', …(5) }",passed
DET-0954,tests/pairwise/jobCostPairwise.test.ts,"PAIRWISE-B: free job-cost calculator mode-interaction coverage > case 7: { materialsMode: 'itemized', …(5) }",passed
DET-0955,tests/pairwise/jobCostPairwise.test.ts,"PAIRWISE-B: free job-cost calculator mode-interaction coverage > case 8: { materialsMode: 'lumpSum', …(5) }",passed
DET-0956,tests/pairwise/jobCostPairwise.test.ts,"PAIRWISE-B: free job-cost calculator mode-interaction coverage > case 9: { materialsMode: 'lumpSum', …(5) }",passed
DET-0957,tests/pairwise/jobCostPairwise.test.ts,"PAIRWISE-B: free job-cost calculator mode-interaction coverage > case 10: { materialsMode: 'lumpSum', …(5) }",passed
DET-0958,tests/pairwise/jobCostPairwise.test.ts,"PAIRWISE-B: free job-cost calculator mode-interaction coverage > case 11: { materialsMode: 'lumpSum', …(5) }",passed
DET-0959,tests/pairwise/jobCostPairwise.test.ts,"PAIRWISE-B: free job-cost calculator mode-interaction coverage > case 12: { materialsMode: 'lumpSum', …(5) }",passed
DET-0960,tests/pairwise/jobCostPairwise.test.ts,"PAIRWISE-B: free job-cost calculator mode-interaction coverage > case 13: { materialsMode: 'lumpSum', …(5) }",passed
DET-0961,tests/pairwise/jobCostPairwise.test.ts,"PAIRWISE-B: free job-cost calculator mode-interaction coverage > case 14: { materialsMode: 'lumpSum', …(5) }",passed
DET-0962,tests/pairwise/lifecyclePairwise.test.ts,"PAIRWISE-D: lifecycle/import mode-interaction coverage > case 0: { revisionState: 'draft', …(2) }",passed
DET-0963,tests/pairwise/lifecyclePairwise.test.ts,"PAIRWISE-D: lifecycle/import mode-interaction coverage > case 1: { revisionState: 'issued', …(2) }",passed
DET-0964,tests/pairwise/lifecyclePairwise.test.ts,"PAIRWISE-D: lifecycle/import mode-interaction coverage > case 2: { revisionState: 'issued', …(2) }",passed
DET-0965,tests/pairwise/lifecyclePairwise.test.ts,"PAIRWISE-D: lifecycle/import mode-interaction coverage > case 3: { revisionState: 'issued', …(2) }",passed
DET-0966,tests/pairwise/lifecyclePairwise.test.ts,"PAIRWISE-D: lifecycle/import mode-interaction coverage > case 4: { revisionState: 'superseded', …(2) }",passed
DET-0967,tests/pairwise/lifecyclePairwise.test.ts,"PAIRWISE-D: lifecycle/import mode-interaction coverage > case 5: { revisionState: 'superseded', …(2) }",passed
DET-0968,tests/pairwise/lifecyclePairwise.test.ts,"PAIRWISE-D: lifecycle/import mode-interaction coverage > case 6: { revisionState: 'draft', …(2) }",passed
DET-0969,tests/pairwise/lifecyclePairwise.test.ts,"PAIRWISE-D: lifecycle/import mode-interaction coverage > case 7: { revisionState: 'draft', …(2) }",passed
DET-0970,tests/pairwise/lifecyclePairwise.test.ts,"PAIRWISE-D: lifecycle/import mode-interaction coverage > case 8: { revisionState: 'superseded', …(2) }",passed
DET-0971,tests/pairwise/lifecyclePairwise.test.ts,"PAIRWISE-D: lifecycle/import mode-interaction coverage > case 9: { revisionState: 'superseded', …(2) }",passed
DET-0972,tests/pairwise/lifecyclePairwise.test.ts,"PAIRWISE-D: lifecycle/import mode-interaction coverage > case 10: { revisionState: 'issued', …(2) }",passed
DET-0973,tests/pairwise/lifecyclePairwise.test.ts,"PAIRWISE-D: lifecycle/import mode-interaction coverage > case 11: { revisionState: 'issued', …(2) }",passed
DET-0974,tests/pairwise/proEstimatePairwise.test.ts,"PAIRWISE-A: Pro estimate mode-interaction coverage > case 0: { surfaceType: 'wall', …(11) }",passed
DET-0975,tests/pairwise/proEstimatePairwise.test.ts,"PAIRWISE-A: Pro estimate mode-interaction coverage > case 1: { surfaceType: 'wall', …(11) }",passed
DET-0976,tests/pairwise/proEstimatePairwise.test.ts,"PAIRWISE-A: Pro estimate mode-interaction coverage > case 2: { surfaceType: 'ceiling', …(11) }",passed
DET-0977,tests/pairwise/proEstimatePairwise.test.ts,"PAIRWISE-A: Pro estimate mode-interaction coverage > case 3: { surfaceType: 'ceiling', …(11) }",passed
DET-0978,tests/pairwise/proEstimatePairwise.test.ts,"PAIRWISE-A: Pro estimate mode-interaction coverage > case 4: { surfaceType: 'trim', …(11) }",passed
DET-0979,tests/pairwise/proEstimatePairwise.test.ts,"PAIRWISE-A: Pro estimate mode-interaction coverage > case 5: { surfaceType: 'door', …(11) }",passed
DET-0980,tests/pairwise/proEstimatePairwise.test.ts,"PAIRWISE-A: Pro estimate mode-interaction coverage > case 6: { surfaceType: 'ceiling', …(11) }",passed
DET-0981,tests/pairwise/proEstimatePairwise.test.ts,"PAIRWISE-A: Pro estimate mode-interaction coverage > case 7: { surfaceType: 'ceiling', …(11) }",passed
DET-0982,tests/pairwise/proEstimatePairwise.test.ts,"PAIRWISE-A: Pro estimate mode-interaction coverage > case 8: { surfaceType: 'trim', …(11) }",passed
DET-0983,tests/pairwise/proEstimatePairwise.test.ts,"PAIRWISE-A: Pro estimate mode-interaction coverage > case 9: { surfaceType: 'door', …(11) }",passed
DET-0984,tests/pairwise/proEstimatePairwise.test.ts,"PAIRWISE-A: Pro estimate mode-interaction coverage > case 10: { surfaceType: 'trim', …(11) }",passed
DET-0985,tests/pairwise/proEstimatePairwise.test.ts,"PAIRWISE-A: Pro estimate mode-interaction coverage > case 11: { surfaceType: 'wall', …(11) }",passed
DET-0986,tests/pairwise/proEstimatePairwise.test.ts,"PAIRWISE-A: Pro estimate mode-interaction coverage > case 12: { surfaceType: 'wall', …(11) }",passed
DET-0987,tests/pairwise/proEstimatePairwise.test.ts,"PAIRWISE-A: Pro estimate mode-interaction coverage > case 13: { surfaceType: 'door', …(11) }",passed
DET-0988,tests/pairwise/proEstimatePairwise.test.ts,"PAIRWISE-A: Pro estimate mode-interaction coverage > case 14: { surfaceType: 'door', …(11) }",passed
DET-0989,tests/pairwise/proEstimatePairwise.test.ts,"PAIRWISE-A: Pro estimate mode-interaction coverage > case 15: { surfaceType: 'trim', …(11) }",passed
DET-0990,tests/pairwise/proEstimatePairwise.test.ts,"PAIRWISE-A: Pro estimate mode-interaction coverage > case 16: { surfaceType: 'ceiling', …(11) }",passed
DET-0991,tests/pairwise/proEstimatePairwise.test.ts,"PAIRWISE-A: Pro estimate mode-interaction coverage > case 17: { surfaceType: 'wall', …(11) }",passed
DET-0992,tests/pairwise/proEstimatePairwise.test.ts,"PAIRWISE-A: Pro estimate mode-interaction coverage > case 18: { surfaceType: 'door', …(11) }",passed
DET-0993,tests/pairwise/proEstimatePairwise.test.ts,"PAIRWISE-A: Pro estimate mode-interaction coverage > case 19: { surfaceType: 'ceiling', …(11) }",passed
DET-0994,tests/pairwise/proEstimatePairwise.test.ts,"PAIRWISE-A: Pro estimate mode-interaction coverage > case 20: { surfaceType: 'door', …(11) }",passed
DET-0995,tests/pairwise/proEstimatePairwise.test.ts,"PAIRWISE-A: Pro estimate mode-interaction coverage > case 21: { surfaceType: 'wall', …(11) }",passed
DET-0996,tests/pairwise/proEstimatePairwise.test.ts,"PAIRWISE-A: Pro estimate mode-interaction coverage > case 22: { surfaceType: 'wall', …(11) }",passed
DET-0997,tests/pairwise/proEstimatePairwise.test.ts,"PAIRWISE-A: Pro estimate mode-interaction coverage > case 23: { surfaceType: 'trim', …(11) }",passed
DET-0998,tests/pairwise/proEstimatePairwise.test.ts,"PAIRWISE-A: Pro estimate mode-interaction coverage > case 24: { surfaceType: 'door', …(11) }",passed
DET-0999,tests/pairwise/proEstimatePairwise.test.ts,"PAIRWISE-A: Pro estimate mode-interaction coverage > case 25: { surfaceType: 'wall', …(11) }",passed
DET-1000,tests/pairwise/proEstimatePairwise.test.ts,"PAIRWISE-A: Pro estimate mode-interaction coverage > case 26: { surfaceType: 'wall', …(11) }",passed
DET-1001,tests/pairwise/proEstimatePairwise.test.ts,"PAIRWISE-A: Pro estimate mode-interaction coverage > case 27: { surfaceType: 'wall', …(11) }",passed
DET-1002,tests/pairwise/proEstimatePairwise.test.ts,"PAIRWISE-A: Pro estimate mode-interaction coverage > case 28: { surfaceType: 'wall', …(11) }",passed
DET-1003,tests/pairwise/proEstimatePairwise.test.ts,"PAIRWISE-A: Pro estimate mode-interaction coverage > case 29: { surfaceType: 'ceiling', …(11) }",passed
DET-1004,tests/pairwise/proEstimatePairwise.test.ts,"PAIRWISE-A: Pro estimate mode-interaction coverage > case 30: { surfaceType: 'trim', …(11) }",passed
